"Batter","Season","PA","AB","BBE","xwOBA","xwOBACON"
"Parks, Sam","2025",4,4,4,1.216,1.216
"Miles, Parker","2025",17,17,13,1.123,1.469
"Hall, Nathan","2024",14,12,12,0.892,0.926
"Roossien, Jace","2026",34,32,24,0.886,1.198
"Sahler, Clan","2023",9,9,9,0.859,0.859
"Spaner, Nick","2026",3,2,2,0.838,0.911
"Hawes, Kyle","2021",4,4,4,0.812,0.812
"Ross, Michael","2022",25,25,21,0.806,0.96
"pagliarini, Charlie","2021",12,10,4,0.805,2.07
"Strmecki, Henry","2021",32,28,26,0.803,0.882
"Barnum, Lewis","2021",33,27,21,0.801,1.061
"Baumgardt, Simon","2021",23,21,21,0.785,0.794
"Lomuscio, Joseph","2021",44,42,34,0.771,0.957
"Jackson, Jadyn","2021",8,8,8,0.755,0.755
"Finn, Sean","2024",16,16,16,0.732,0.732
"Shapiro, Collin","2021",21,17,15,0.731,0.839
"Smith, Spencer","2022",12,12,10,0.723,0.868
"Felder, Ross","2025",9,9,9,0.717,0.717
"Gaspard, Jackson","2024",6,4,4,0.716,0.729
"Bak, Tyler","2025",85,69,63,0.705,0.776
"Arroyo, Chris","2024",12,8,8,0.697,0.7
"D'Onofrio, Anthony","2021",25,19,19,0.693,0.694
"Franzoni, Luke","2021",62,60,40,0.688,1.032
"McCommons, McDonald","2024",42,31,29,0.66,0.694
"Schuyler, T.J.","2024",21,19,19,0.659,0.656
"Christofore, David","2022",21,19,17,0.656,0.729
"Becchetti, Michael","2022",10,10,6,0.651,1.085
"Ashford, Ryan","2025",4,4,4,0.648,0.648
"Morr, James","2025",4,4,4,0.639,0.639
"Keys, Sean","2024",10,8,8,0.637,0.624
"Snyder, Dan","2023",22,14,8,0.634,1.054
"Vargas, Xavier","2021",21,21,15,0.63,0.882
"Ali, Marco","2024",15,15,11,0.62,0.845
"Brown, Michael","2021",16,16,14,0.61,0.697
"Speranza, Andrew","2026",5,3,3,0.601,0.542
"LaPlante, Mason","2022",38,34,34,0.6,0.589
"Zarillo, Michael","2024",18,8,4,0.6,0.973
"Malone, John","2025",24,20,12,0.599,0.967
"Wachsmann, Isaac","2025",198,177,161,0.591,0.636
"Kopack, Addison","2021",82,80,66,0.584,0.704
"Bianchina, Vincent","2024",10,10,8,0.583,0.728
"Huff, Kade","2023",14,14,12,0.582,0.679
"Samek, Aries","2022",16,13,9,0.573,0.788
"Purcell, Joseph","2024",6,6,4,0.568,0.852
"Thomas, Hank","2021",21,17,15,0.567,0.61
"Ciaglo, Andrew","2025",12,8,8,0.565,0.503
"Reese, Ripken","2025",531,474,412,0.56,0.639
"Robinett, Reese","2024",531,473,389,0.56,0.669
"Benevento, Alex","2026",199,167,144,0.556,0.62
"Guerrero, Antonio","2022",18,18,18,0.555,0.555
"Cimillo, Nick","2021",21,21,21,0.553,0.553
"Lalime, Max","2025",28,28,24,0.55,0.641
"Miller, Hayden","2024",172,160,128,0.549,0.673
"DAmore, Dante","2024",14,12,8,0.546,0.783
"Rogers, JD","2023",22,22,20,0.541,0.595
"Corson, Jacob","2022",386,348,306,0.539,0.594
"Hernandez, Jaylen","2026",50,45,42,0.535,0.555
"Michael Jefferson, David","2024",19,15,13,0.535,0.57
"Schreffler, Troy","2021",101,99,89,0.533,0.589
"Laplante, Mason","2021",83,75,65,0.53,0.634
"Skarad, Joey","2022",320,292,240,0.524,0.619
"Fish, Brandon","2024",36,34,34,0.519,0.509
"Cap, Timothy","2025",10,10,8,0.518,0.647
"Dieguez, Matthew","2025",32,30,24,0.518,0.633
"Pacheco, DJ","2024",502,442,382,0.516,0.585
"Grau, Turner","2021",31,31,27,0.514,0.591
"Killelea, Jack","2025",42,40,32,0.514,0.632
"Russell, Devin","2026",84,75,53,0.514,0.711
"Angelo, Samuel","2024",205,169,135,0.512,0.635
"Jensen, Max","2024",404,369,337,0.512,0.566
"Mercedes, Cristian","2022",324,282,220,0.512,0.622
"Cimini, Vince","2021",33,31,29,0.511,0.534
"Pelletier, Raphael","2021",49,46,42,0.509,0.544
"Bucciero, Matt","2024",363,325,285,0.504,0.55
"Burchfield, Walker","2021",21,21,17,0.502,0.62
"Hughes, Logan","2024",335,316,288,0.501,0.547
"Martinez, Noah","2021",83,67,53,0.499,0.572
"Alifano, Matt","2022",330,296,270,0.498,0.522
"Miller, Sam","2026",216,200,165,0.497,0.588
"Gersky, Will","2021",31,29,27,0.496,0.518
"Oldham, Matt","2021",78,76,70,0.496,0.533
"Tozzi, Domenico","2025",346,322,276,0.496,0.572
"Harrison, Robert","2025",17,14,8,0.495,0.793
"Housinger, Jack","2021",32,26,24,0.495,0.488
"Hacopian, Christopher","2024",689,635,613,0.494,0.499
"Jaconski, Joe","2024",624,541,475,0.494,0.539
"Cherry, Grant","2024",17,17,13,0.493,0.645
"Mexico, Sebastian","2025",463,433,419,0.493,0.502
"Love, James","2026",237,187,171,0.492,0.52
"Schlaegel, Dylan","2025",73,57,49,0.492,0.508
"McDermott, Matt","2021",66,66,62,0.49,0.521
"Zmarzlak, Bobby","2023",476,444,364,0.49,0.581
"Higgins, Marty","2021",124,120,102,0.489,0.568
"Ignoffo, Ryan","2022",656,601,539,0.489,0.542
"Jenkins, Andrew","2021",37,37,35,0.489,0.517
"Schuyler, TJ","2024",69,60,54,0.489,0.51
"Schrader, Gavin","2024",10,8,8,0.488,0.437
"Wallen, Henru","2022",19,19,17,0.488,0.546
"Mannelly, Andrew","2024",244,217,189,0.487,0.538
"Cook, AJ","2022",20,14,8,0.486,0.698
"Spiegle, Josh","2022",16,12,12,0.485,0.416
"Szako, Brody","2024",294,249,201,0.485,0.555
"Tirado, Gabriel","2025",245,213,183,0.484,0.572
"Yaghoubi, Tank","2025",120,104,98,0.484,0.508
"Minick, Tyler","2024",351,329,283,0.483,0.55
"Rodriguez, Josh","2021",66,62,46,0.483,0.632
"Barczi, Colin","2024",459,400,348,0.481,0.543
"O'Conor, Michael","2024",541,481,413,0.481,0.55
"Tackett, Sam","2023",554,488,396,0.481,0.565
"Wood, Matthew","2021",271,253,227,0.481,0.52
"Lovett, Jett","2022",291,261,229,0.48,0.519
"Staton, Garrett","2024",144,125,89,0.48,0.629
"Reynolds, Kolton","2025",249,204,177,0.473,0.49
"Agresti, Adam","2025",188,169,157,0.472,0.49
"Chambers, Logan","2022",549,498,442,0.472,0.507
"Parrillo, Cal","2021",106,89,79,0.471,0.484
"Bauerle, Pierce","2024",126,114,102,0.47,0.526
"Bramley, Thomas","2022",350,306,268,0.47,0.501
"Frehner, Payton","2024",94,74,60,0.47,0.507
"Norris, Grant","2021",51,47,37,0.469,0.572
"Polizzi, Stephen","2026",60,52,46,0.469,0.492
"Yu, Andrew","2024",574,521,483,0.468,0.499
"O'Brien, Michael","2025",619,565,506,0.467,0.515
"Pike, Garret","2023",335,300,254,0.467,0.557
"Schultz, Garrett","2021",26,22,20,0.467,0.607
"Taylor, Jackson","2026",172,139,116,0.467,0.497
"Wallen, Henry","2022",159,136,118,0.467,0.518
"Carpenter, Troy","2026",238,223,167,0.466,0.618
"Hager, Kevin","2026",120,106,86,0.466,0.537
"Alford, Slate","2022",664,615,545,0.465,0.515
"Jarrell, Jacob","2023",172,159,115,0.465,0.642
"Perez, Xavier","2025",338,318,296,0.464,0.484
"Donofrio, Anthony","2023",211,203,183,0.462,0.502
"McDaniel, Quinn","2022",769,703,609,0.462,0.513
"Snyder, Michael","2022",594,536,472,0.462,0.516
"Tierney, Aiden","2022",212,181,153,0.462,0.527
"Arnone, Griffin","2023",192,152,92,0.457,0.655
"Achuff, Chase","2021",140,132,120,0.456,0.486
"Cupp, Dylan","2025",191,170,150,0.456,0.484
"Ossenfort, Matt","2024",627,571,491,0.456,0.509
"Walton, Aaron","2024",379,336,298,0.456,0.51
"DeMastrie, AJ","2026",98,94,81,0.455,0.517
"Irizarry, Julian","2026",27,19,17,0.455,0.398
"Graeber, Aaron","2024",164,144,112,0.454,0.542
"Jelic, Jason","2025",73,69,51,0.454,0.596
"Echevarria, Ernie","2026",43,33,26,0.453,0.484
"Ciuffreda, Pete","2022",514,469,415,0.452,0.492
"Hernandez, Jaylen","2025",406,347,315,0.452,0.454
"Bushling, Zach","2021",128,116,106,0.451,0.467
"Jordan, Dakota","2023",134,117,103,0.451,0.473
"Lambros, Elijah","2024",371,343,313,0.451,0.473
"Broecker, Bryan","2022",170,147,131,0.45,0.463
"Dorighi, Brennen","2021",214,204,174,0.45,0.53
"Gaer, Brandon","2024",68,58,50,0.45,0.474
"Myers, Chaz","2022",466,428,380,0.45,0.49
"Willis, Chris","2024",102,88,88,0.45,0.411
"Miller, Khyree","2022",509,469,389,0.449,0.516
"Waugh, Nathan","2024",248,224,176,0.449,0.555
"Hare, Tyler","2023",528,467,365,0.448,0.557
"Hogart, Jonathan","2024",655,528,454,0.448,0.514
"Link, Peter","2025",482,428,346,0.448,0.532
"McCladdie, Tryston","2024",391,369,317,0.448,0.513
"Boykin, Luke","2026",138,127,102,0.447,0.537
"Burley, Jacob","2022",220,195,155,0.447,0.523
"Cash, Donovan","2024",621,571,515,0.447,0.483
"Crowley, Colin","2026",34,26,22,0.447,0.44
"Ritchie, Kollin","2024",108,94,80,0.447,0.483
"Cason, JuJuan","2021",64,62,50,0.446,0.543
"Ledbetter, Colton","2022",696,615,551,0.446,0.482
"McCann, David","2024",271,240,214,0.446,0.503
"Fote, Tyler","2023",147,116,92,0.445,0.539
"Marra, Ryan","2021",47,37,33,0.445,0.424
"Almonte, Matt","2021",50,44,40,0.444,0.452
"Josten, Tom","2022",371,315,267,0.444,0.473
"Koonin, Jake","2024",693,650,580,0.444,0.488
"Lizama, Ethan","2024",270,246,220,0.444,0.482
"Reese, Ripken","2024",536,481,373,0.444,0.536
"Burdette, Clay","2025",274,239,217,0.443,0.49
"Cohall, Aidan","2025",79,73,57,0.443,0.542
"Rosso, Santino","2023",633,571,521,0.443,0.485
"Shliger, Luke","2021",25,18,14,0.443,0.446
"Gettinger, Sam","2026",7,5,3,0.441,0.569
"Bravo, Logan","2021",52,44,32,0.44,0.543
"Cochrane, Sam","2021",387,351,321,0.44,0.462
"Griffith, Banks","2021",80,65,59,0.44,0.549
"Brown, Cade","2025",244,220,188,0.436,0.492
"Kretzschmar, Kade","2022",83,72,66,0.436,0.434
"Smith, Jackson","2026",234,202,174,0.436,0.475
"Alvarez, David","2026",141,131,105,0.435,0.518
"Sullivan, Evin","2024",282,266,248,0.435,0.462
"Dalena, Maddix","2025",285,261,241,0.434,0.445
"Hohenstein, Nick","2022",8,8,4,0.434,0.868
"La Rocca, Mike","2023",19,19,17,0.434,0.485
"Zirwas, Devan","2026",194,160,131,0.434,0.469
"Andrews, Cole","2021",48,44,32,0.433,0.563
"Franzoni, Paul","2021",39,29,23,0.433,0.434
"Thomas, Hank","2022",557,508,428,0.433,0.491
"DeMartinis, Stanley","2023",364,320,284,0.431,0.455
"Rafistanger, Jayder","2024",246,196,154,0.431,0.465
"Sullivan, William","2021",50,46,32,0.431,0.588
"Fitzsimmons, Dylan","2026",113,84,48,0.429,0.608
"Hare, Tyler","2024",594,516,406,0.429,0.502
"Hussey, Daniel","2023",30,25,17,0.429,0.554
"Morton, Korey","2022",419,386,330,0.429,0.492
"Mongelli, Sam","2022",482,438,412,0.427,0.433
"Cumming, Brendan","2021",107,104,96,0.426,0.453
"Stevens, Julian","2024",431,396,350,0.426,0.481
"Arnone, Griffin","2021",25,19,13,0.425,0.5
"Calarco, Alex","2024",395,345,291,0.425,0.486
"Kross, Josh","2024",207,172,146,0.425,0.523
"Reader, Troy","2025",73,54,48,0.425,0.502
"Beattie, Chase","2024",10,4,4,0.424,0.026
"Milner, Beck","2024",217,191,159,0.423,0.465
"Notarangelo, Nic","2024",273,243,211,0.422,0.474
"Schuyler, T.J.","2026",167,156,134,0.422,0.474
"Selinsky, Skye","2024",429,354,306,0.422,0.465
"Stevens, Nolan","2024",686,626,550,0.422,0.456
"Martinez, Noah","2022",513,482,426,0.421,0.456
"McCoy, Ryan","2023",514,433,347,0.421,0.471
"Bade, Devan","2024",689,634,564,0.42,0.464
"Bentley, Carter","2025",288,254,228,0.42,0.428
"Bitove, Brodey","2026",100,84,68,0.42,0.455
"Cloud, Caeden","2026",117,98,72,0.42,0.519
"Lemery, Alex","2021",18,16,12,0.42,0.515
"Myers, Adarius","2022",163,151,133,0.419,0.452
"Ramirez, Alex","2022",305,275,211,0.419,0.507
"Wachter, Nater","2026",291,260,204,0.419,0.497
"Brito, Christopher","2021",86,78,64,0.418,0.475
"Lane, Alex","2022",390,358,298,0.418,0.483
"Miller, Jackson","2025",274,231,205,0.418,0.428
"Preisano, Ryan","2024",464,422,360,0.418,0.466
"Welshans, Alec","2025",193,185,157,0.418,0.478
"D'Amore, Dante","2024",556,488,402,0.417,0.505
"Labrador, Daniel","2023",250,235,199,0.417,0.482
"Crerar, Bennett","2026",30,27,17,0.416,0.612
"Detwiler, Bryce","2026",238,210,172,0.416,0.463
"Hernandez, Javon","2023",491,454,424,0.416,0.434
"Herring, Jack","2025",653,581,521,0.416,0.431
"Malzone, Aj","2024",12,10,8,0.416,0.452
"Rios, Lorenzo","2024",262,238,208,0.416,0.445
"Baruch, Daniel","2022",238,214,142,0.415,0.579
"Spaventa, Nicholas","2025",452,408,366,0.415,0.445
"Griffis, Evan","2023",316,289,255,0.414,0.465
"Fernandez, Samuel","2026",130,116,93,0.413,0.473
"Parsons, JJ","2026",147,116,90,0.413,0.475
"Seymour, Randy","2025",592,567,491,0.413,0.468
"Duncan, Andrew","2024",558,487,387,0.412,0.475
"Kaufer, Max","2023",295,257,223,0.412,0.44
"Miller, Hayden","2023",283,246,200,0.412,0.455
"Smith, Spenser","2021",274,242,210,0.412,0.433
"Brinker, Matt","2024",447,404,344,0.411,0.464
"Hindle, Will","2024",103,103,97,0.411,0.436
"Gustin, Jake","2021",90,84,80,0.41,0.444
"Phinney, Jackson","2023",393,365,303,0.41,0.477
"Cook, Jake","2023",53,45,41,0.409,0.394
"Daniels, Ryan","2023",171,151,137,0.409,0.409
"Rice, Garrett","2022",489,453,393,0.409,0.453
"Milano, Gabriel","2026",165,149,137,0.408,0.416
"Preisano, Ryan","2026",112,90,70,0.408,0.465
"Seidl, Tommy","2021",53,49,35,0.408,0.539
"Anderson, Collin","2026",177,143,129,0.407,0.441
"Kuroda-Grauer, Joshua","2022",763,712,648,0.407,0.444
"Pagliarini, Charlie","2022",437,379,281,0.407,0.51
"Dalena, Maddix","2024",344,287,241,0.406,0.451
"Feinberg, Harrison","2022",383,344,294,0.406,0.468
"Genther, Eric","2023",131,127,123,0.406,0.41
"Retzbach, Adam","2022",346,306,278,0.406,0.406
"Anderson, John","2021",51,49,39,0.405,0.495
"Edmunds, Jack","2026",67,59,37,0.405,0.583
"Guerrero, Antonio","2023",661,623,547,0.405,0.447
"Hylton, Jayden","2024",256,239,201,0.405,0.457
"Scanlon, Christian","2024",471,407,315,0.405,0.486
"Willis, CJ","2024",545,462,410,0.405,0.428
"Feinberg, Harrison","2023",551,486,402,0.404,0.449
"Speirs, Gavin","2026",175,157,132,0.404,0.442
"Cassaleggio, Michael","2021",20,20,14,0.403,0.576
"Guerrero, AJ","2022",374,347,313,0.403,0.422
"Scanlon, Christian","2025",385,341,293,0.403,0.426
"Urreta, Diego","2025",297,232,210,0.403,0.356
"Brown-Eiring, Matthew","2022",109,103,77,0.402,0.515
"Farrell, Max","2026",193,166,142,0.402,0.42
"Lutte, Jack","2025",497,413,373,0.402,0.408
"Lutte, Jack","2026",158,127,109,0.402,0.411
"Monistere, Nick","2023",253,229,203,0.402,0.433
"Rainess, Jake","2022",410,387,323,0.402,0.461
"Williams, David","2021",39,32,22,0.402,0.493
"DiGiacomo, Roman","2024",265,253,227,0.401,0.431
"Ganus, Tyler","2024",370,326,294,0.401,0.429
"Myers, Adarius","2023",671,649,623,0.401,0.412
"Rose, Cedric","2022",638,595,537,0.401,0.421
"Sencaj, Brendan","2025",512,458,393,0.401,0.449
"Willi, Marc","2024",281,254,192,0.401,0.497
"Butler, Rob","2024",204,177,125,0.4,0.554
"Cox, Tyler","2024",340,284,250,0.4,0.417
"Craska, Petey","2025",397,336,264,0.4,0.455
"DePino, Anthony","2024",220,188,170,0.4,0.404
"Kea, Jaydon","2025",512,467,413,0.4,0.43
"Mongelli, Sam","2023",70,68,68,0.4,0.391
"Ross, Jackson","2022",586,542,464,0.4,0.446
"Williams, Dixon","2024",672,566,532,0.4,0.416
"Willis, CJ","2023",360,341,307,0.4,0.426
"Bruggeman, Kevin","2023",371,339,321,0.399,0.409
"Jimenez, Ramon","2021",64,54,44,0.399,0.487
"Leonard, Brayden","2026",108,93,80,0.399,0.409
"Leonard, Dayne","2021",306,272,228,0.399,0.432
"Lybrook, William","2024",446,401,327,0.399,0.477
"Martinez, Carlos Elian","2024",382,349,309,0.399,0.419
"Bullard, Jake","2022",144,134,94,0.398,0.537
"Grech, Justin","2021",190,173,159,0.398,0.414
"Smith, Derek","2021",208,200,174,0.398,0.468
"Spaventa, Nicholas","2026",77,70,55,0.398,0.469
"Studley, Jake","2022",638,613,555,0.398,0.426
"Wyers, Drew","2024",247,221,177,0.398,0.47
"Blasick, Nate","2022",458,408,310,0.397,0.476
"Douin, Kyle","2025",392,362,358,0.397,0.384
"Fellows, Cole","2024",627,572,504,0.397,0.442
"Lewis, Andreaus","2025",390,346,272,0.397,0.468
"Hueth, Brendan","2021",60,54,52,0.396,0.378
"Taylor, Devin","2023",613,554,520,0.396,0.429
"Evans, Ronald","2021",94,88,70,0.395,0.471
"Seeker, Scott","2024",376,340,294,0.395,0.421
"Tuccillo, Johnny","2021",39,37,37,0.395,0.379
"DiPrima, Chris","2026",268,217,192,0.394,0.388
"Estrella, Andrew","2024",247,237,193,0.394,0.468
"Guerrera, Justin","2021",180,162,132,0.394,0.443
"Mentzer, Kobe","2024",307,247,221,0.394,0.397
"Gilio, Ashtin","2025",57,47,31,0.393,0.5
"Hornung, Jackson","2023",145,135,119,0.393,0.421
"Horton, Brayden","2023",422,369,285,0.393,0.463
"Lipsey, Marshall","2025",467,392,344,0.393,0.389
"Roche, Patrick","2022",502,469,433,0.393,0.415
"Ruiz, Matthew","2023",128,124,108,0.393,0.44
"Sornas, Bryan","2026",63,45,15,0.393,0.868
"Zambo, Mason","2024",342,326,286,0.392,0.43
"Latham, Thomas","2022",133,114,94,0.39,0.413
"Norton, Brennen","2024",385,370,328,0.39,0.426
"Rojas Jr., Freddy","2021",325,285,243,0.39,0.419
"Dux, Shane","2024",33,26,20,0.389,0.4
"Hudson, Brennan","2025",461,389,307,0.389,0.422
"Hujsak, Connor","2022",132,120,110,0.388,0.391
"Kaufer, Max","2025",302,278,238,0.388,0.435
"Luetzow, Johnny","2024",245,221,207,0.388,0.379
"Mahala, Will","2026",104,91,62,0.388,0.518
"Moore, Zev","2024",123,111,95,0.388,0.429
"Dossa, Kaiden","2025",217,204,160,0.387,0.469
"Gandy, Gus","2026",268,244,207,0.387,0.421
"Holderbach, Drew","2023",528,490,452,0.387,0.407
"Novak, Ryan","2025",389,343,291,0.387,0.408
"Pittaro, Christopher","2021",203,197,173,0.387,0.431
"Rice, Daniel","2026",13,10,8,0.387,0.37
"Smith, Boston","2022",174,157,133,0.387,0.417
"Advincula, Jarren","2024",14,14,14,0.386,0.386
"Boynton, Luke","2023",377,349,303,0.386,0.417
"Bradley, Samuel","2026",132,119,99,0.386,0.425
"Mullen, Nick","2026",172,167,130,0.386,0.485
"Santerre, Cameron","2024",226,179,157,0.386,0.424
"Bozzo, Gregory","2024",225,217,199,0.385,0.421
"Christman, Trey","2024",531,497,441,0.385,0.416
"Hart, Brian","2021",49,41,31,0.385,0.43
"Williams, TJ","2023",521,468,432,0.385,0.399
"Haley, Maddox","2026",127,118,112,0.384,0.38
"Polk, Matthew","2022",349,308,284,0.384,0.392
"Stephens, Eli","2026",177,147,100,0.384,0.48
"Johnson, Cole","2026",118,93,80,0.383,0.366
"Ruggiero, Anthony","2026",218,176,136,0.383,0.452
"Tozzi, Domenico","2026",66,51,29,0.383,0.539
"Appelwick, Evan","2025",261,223,181,0.382,0.421
"Britt, Sean","2026",65,52,38,0.382,0.417
"Hall, Kevin","2026",158,123,114,0.382,0.336
"Heaton, Brodey","2023",480,441,401,0.382,0.397
"Misch, Connor","2024",174,156,132,0.382,0.409
"Musacchia, Carmelo","2024",256,226,198,0.382,0.389
"Sabathia, Carsten","2023",455,409,359,0.382,0.428
"Butler, Rob","2023",218,207,171,0.381,0.442
"Harring, Jake","2026",301,250,213,0.381,0.386
"Miller, Cody","2024",194,177,149,0.381,0.417
"Plasschaert, Zach","2024",344,310,224,0.381,0.511
"Velazquez, Ray","2024",573,528,438,0.38,0.426
"Alford, Slate","2023",632,598,534,0.379,0.409
"Brini, Niko","2024",881,833,791,0.379,0.384
"Burgos, Jorge","2024",153,133,121,0.379,0.388
"Cincinnati, Kyle","2025",109,84,60,0.379,0.402
"Farquhar, Trent","2022",650,567,513,0.379,0.369
"Kreutzmann, EJ","2023",571,493,401,0.379,0.428
"Seeker, Scott","2023",611,549,483,0.379,0.442
"Trigiani, Luca","2021",66,60,54,0.379,0.387
"Beckstein, Luke","2023",460,360,328,0.378,0.374
"Bolton, Matthew","2025",622,542,488,0.378,0.392
"Jimenez, Ramon","2022",375,351,315,0.378,0.406
"Molinaro, Bryce","2024",560,510,410,0.378,0.432
"Paradine, Shane","2021",193,191,187,0.378,0.383
"Roche, Kyle","2022",6,4,4,0.378,0.222
"Schreck, Thomas","2025",190,163,133,0.378,0.446
"Sparr, Grayson","2025",239,218,182,0.378,0.417
"Stern, Aidan","2026",241,180,138,0.378,0.361
"Mason, Jevon","2022",369,343,303,0.377,0.409
"Masterman, Cameron","2021",67,53,45,0.377,0.346
"Trommer, Michael","2024",521,468,398,0.377,0.411
"Merritt, Griffin","2021",19,19,13,0.376,0.55
"Shpur, Caleb","2024",451,426,406,0.376,0.375
"Delamielleure, Blake","2023",459,427,337,0.375,0.453
"Hyde, Brennan","2024",212,197,173,0.375,0.4
"Ragsdale, Josiah","2024",726,635,571,0.375,0.388
"Schaaf, Blake","2025",251,225,195,0.375,0.405
"Zyons, Zac","2024",544,478,422,0.375,0.381
"Boardman, Cameron","2025",276,254,224,0.374,0.405
"Collado, Joel","2026",144,121,85,0.374,0.455
"Eickhoff, Logan","2022",61,54,52,0.374,0.345
"Ettinger, EJ","2024",126,118,102,0.374,0.407
"Jefferson, DM","2023",436,385,321,0.374,0.398
"Locurto, Nick","2025",450,395,343,0.374,0.399
"Nawrocki, Nolan","2023",493,445,401,0.374,0.378
"Notarangelo, Nic","2022",316,302,262,0.374,0.414
"Novak, Ryan","2026",186,156,131,0.374,0.373
"Sencaj, Brendan","2026",132,104,73,0.374,0.42
"Spielman-Rodriguez, Pablo","2025",43,38,30,0.374,0.421
"Vigeant, Nate","2021",50,41,23,0.374,0.543
"Baughcum, Brant","2023",133,116,112,0.373,0.339
"Jefferson, David","2024",369,328,282,0.373,0.398
"Malone, Matt","2022",17,17,17,0.373,0.373
"Rodriguez, Damaurys","2022",302,264,256,0.373,0.348
"Romano, Nick","2024",683,631,575,0.373,0.386
"McCall, Calvin","2022",281,233,191,0.372,0.407
"Orfi, Luke","2024",95,93,87,0.372,0.39
"Palinski, Max","2024",478,428,392,0.372,0.365
"Paradine, Aidan","2025",408,384,358,0.372,0.378
"Tiroly, Joe","2025",230,215,185,0.372,0.407
"Brenner, Easton","2024",539,466,434,0.371,0.355
"Rios, Joe","2022",388,338,290,0.371,0.378
"Steele, Anthony","2023",165,155,131,0.371,0.414
"Ali, Marco","2023",232,215,197,0.37,0.377
"Butler, Billy","2023",396,356,302,0.37,0.412
"Hampton, Will","2025",354,329,311,0.37,0.385
"Hepworth, Carson","2025",60,51,45,0.37,0.356
"Lorusso, Nick","2021",69,63,53,0.37,0.456
"Paulsen Jr., Erik","2024",127,117,109,0.37,0.368
"Poteet, Logan","2023",509,457,391,0.37,0.413
"Trommer, Michael","2025",345,316,254,0.37,0.423
"Farquhar, Trent","2023",275,238,220,0.369,0.357
"Henshon, Mark","2025",88,82,70,0.369,0.405
"Huges, Logan","2024",14,12,10,0.369,0.378
"Quagliato, Nick","2024",327,307,269,0.369,0.398
"Willi, Marc","2025",64,54,40,0.369,0.418
"Burns, Will","2024",248,219,187,0.368,0.407
"Canales, Colby","2022",156,150,114,0.368,0.467
"Evasco, AJ","2025",233,221,199,0.368,0.389
"Freeman, Kolton","2022",480,457,423,0.368,0.387
"Root, Beau","2024",379,341,307,0.368,0.368
"Stannard, Brendan","2023",38,34,30,0.368,0.374
"Strohmeyer, Kellen","2025",404,368,290,0.368,0.427
"Brinker, Matt","2025",292,267,245,0.367,0.389
"Reyna, Christian","2025",137,119,101,0.367,0.376
"Trippel, Lance","2024",309,283,237,0.367,0.415
"Zampieron, Nick","2026",188,163,151,0.367,0.343
"Mathison, Carter","2022",386,344,294,0.366,0.391
"Neri, Kyle","2025",289,269,241,0.366,0.382
"Nicholson, Ryan","2022",242,226,190,0.366,0.423
"Nyisztor, Mike","2021",139,123,115,0.366,0.371
"Oyama, Kenny","2021",299,273,255,0.366,0.359
"Preisano, Ryan","2025",430,400,352,0.366,0.392
"Schark, Matthew","2023",369,343,251,0.366,0.467
"Tenney, Derek","2022",419,369,315,0.366,0.404
"Alberti, Lucas","2026",119,107,91,0.365,0.386
"Atiles, Luis","2021",10,10,8,0.365,0.457
"Concannon, Brendan","2022",348,331,295,0.365,0.391
"Sutherland, Curry","2024",25,23,23,0.365,0.337
"Wells, Carson","2023",103,87,81,0.365,0.328
"Whitehill, Simmi","2025",292,252,184,0.365,0.463
"Woods, Matt","2022",172,166,148,0.365,0.396
"Genth, Harry","2024",130,111,95,0.364,0.36
"Pilla, Johnny","2024",256,215,191,0.364,0.386
"Selinsky, Skye","2023",477,422,360,0.364,0.398
"Waugh, Nathan","2023",317,282,224,0.364,0.42
"Carson, Chris","2026",176,143,118,0.363,0.384
"Larsen, Garrett","2025",644,575,535,0.362,0.347
"Sabathia, Carsten","2024",27,20,18,0.362,0.275
"Sanchez, Josean","2024",342,305,285,0.362,0.345
"Siracusa, Gerry","2022",399,365,331,0.362,0.391
"Keys, Jacob","2024",118,100,86,0.361,0.351
"Magoulick, Charley","2026",86,81,60,0.361,0.483
"Makarewicz, Alec","2022",579,536,480,0.361,0.391
"Mershon, David","2023",407,354,308,0.361,0.368
"Noriega, Gavin","2023",759,712,654,0.361,0.373
"Romano, Generoso","2023",66,56,46,0.361,0.397
"Shuhet, Nick","2025",413,377,325,0.361,0.4
"Barnum, Lewis","2023",333,316,292,0.36,0.37
"Brady, Cavan","2022",171,159,147,0.36,0.363
"Crossen, Danny","2022",577,510,484,0.36,0.346
"Cunningham, Kai","2024",104,93,89,0.36,0.366
"Dooley, Ty","2022",287,262,220,0.36,0.391
"Laplante, Mason","2022",289,268,248,0.36,0.361
"Manning, Lucas","2024",270,211,175,0.36,0.358
"Meier, Evan","2026",208,185,163,0.36,0.362
"Puig, Ethan","2025",258,240,228,0.36,0.365
"Toomey, Jack","2024",172,152,132,0.36,0.364
"Espiritu-Niswonger, Jack","2026",3,3,2,0.359,0.539
"Hussey, Danny","2023",207,191,157,0.359,0.404
"Kolben, Ryan","2025",227,190,136,0.359,0.412
"Magdic, Ryan","2022",203,187,167,0.359,0.42
"Murtha, Brock","2024",78,70,54,0.359,0.417
"Serruto, Peter","2021",189,163,141,0.359,0.374
"Cancel, Chris","2026",195,179,156,0.358,0.382
"Hunter, Grant","2026",230,202,148,0.358,0.425
"Kailher, Ben","2021",24,24,12,0.358,0.716
"Kulasingam, Sam","2023",226,208,196,0.358,0.349
"Maher, Cabot","2022",267,235,181,0.358,0.422
"Mainolfi, Ty","2025",547,489,467,0.358,0.352
"Metzdorf, Drew","2023",50,43,37,0.358,0.354
"Papetti, Cameron","2026",99,77,50,0.358,0.406
"Zarrillo, Michael","2023",522,448,368,0.358,0.406
"Baillargeon, Chris","2024",377,336,280,0.357,0.38
"Gerety, Ryan","2024",479,408,356,0.357,0.368
"Kron, Drew","2024",270,239,215,0.357,0.362
"Anderson, Mike","2023",484,429,365,0.356,0.383
"Barber, Brooks","2025",87,81,65,0.356,0.413
"Butterworth, Brandon","2023",489,450,422,0.356,0.349
"Corliss, Craig","2022",38,30,24,0.356,0.334
"Donohue, Ronan","2026",240,209,172,0.356,0.381
"Hewett, Calvin","2022",615,562,508,0.356,0.382
"Salinas, Tristan","2026",201,185,159,0.356,0.384
"Beliveau, Tanner","2026",6,3,1,0.355,0.063
"Franco, Sam","2022",482,447,383,0.355,0.391
"Martin, Brayden","2024",600,526,472,0.355,0.347
"Melnick, Danny","2023",299,289,257,0.355,0.386
"Binderup, Blake","2025",301,281,223,0.354,0.416
"Breton, Mason","2026",119,100,63,0.354,0.461
"Bryant, David","2021",103,91,87,0.354,0.356
"Ebel, Gehrig","2023",209,181,157,0.354,0.366
"Greco, Noah","2026",4,2,2,0.354,0.017
"Hall, Nathan","2023",480,450,404,0.354,0.383
"Hyde, Jake","2022",130,124,102,0.354,0.411
"Jaun, William","2024",25,18,16,0.354,0.251
"Klingenbeck, Kory","2023",121,99,67,0.354,0.412
"Muzio, Joe","2024",68,62,58,0.354,0.343
"Scarabino, Anthony","2024",153,129,117,0.354,0.346
"Sullivan, Evin","2023",201,193,183,0.354,0.374
"holt, Johnathon","2026",2,1,1,0.354,0.018
"Apple, Foster","2025",284,261,235,0.353,0.359
"Cook, Will","2023",361,335,273,0.353,0.411
"Ferrer, Kevin","2022",721,691,661,0.353,0.362
"Nomura, Luke","2025",433,383,323,0.353,0.39
"Palmese, Jamie","2025",211,197,179,0.353,0.362
"Perron Jr, Daniel","2024",488,417,373,0.353,0.354
"Thorbahn, Jack","2022",351,316,264,0.353,0.378
"Brazer, Alex","2025",78,66,34,0.352,0.565
"Gonzalez, Dorian","2022",390,354,314,0.352,0.387
"Hewett, Calvin","2023",569,507,455,0.352,0.358
"Johnson, Davis","2025",535,478,404,0.352,0.384
"Lybrook, William","2025",256,211,163,0.352,0.362
"Rosales, George","2023",329,262,216,0.352,0.363
"Stevens, Julian","2023",238,213,191,0.352,0.362
"Thompson, Matt","2024",169,139,113,0.352,0.368
"Fellows, Cole","2025",731,681,633,0.351,0.36
"Garbowski, Kyle","2026",245,200,170,0.351,0.356
"Head, Tristan","2025",43,43,39,0.351,0.387
"Lafleur, John","2025",10,10,8,0.351,0.438
"Walsh, Barry","2021",123,113,93,0.351,0.389
"Wight, Parker","2026",27,24,19,0.351,0.39
"Brown, Jaden","2022",352,318,246,0.35,0.406
"Ficca, Christian","2023",418,372,332,0.35,0.36
"Hannon, Kyle","2023",576,526,492,0.35,0.352
"Iannazzo, Michael","2024",630,577,553,0.35,0.349
"Romano, Nick","2022",480,430,346,0.35,0.386
"Biller, Sam","2024",231,208,194,0.349,0.334
"Brown, Ethan","2026",46,39,30,0.349,0.373
"Gerlott, Billy","2022",509,483,433,0.349,0.369
"Hugo, Logan","2024",770,681,603,0.349,0.348
"Lazits, Anton","2024",421,362,316,0.349,0.351
"Minnick, Tyler","2024",357,313,277,0.349,0.36
"Toole, Marshall","2023",591,543,491,0.349,0.362
"Toomey, Jack","2023",512,460,380,0.349,0.39
"Wiggins, Andrew","2024",442,366,288,0.349,0.363
"Dykstra, Ryder","2025",310,282,250,0.348,0.355
"Fadio, Blaze","2022",353,270,176,0.348,0.403
"LaRose, Jack","2025",359,322,252,0.348,0.4
"Mistone, Luke","2024",545,511,493,0.348,0.342
"Pettay, Greg","2023",228,206,156,0.348,0.411
"Rice, Garrett","2023",492,459,407,0.348,0.364
"Russell, Devin","2023",256,222,152,0.348,0.45
"Ducatelli, Antonio","2026",261,197,154,0.347,0.307
"Meguiar, Braxton","2024",145,130,114,0.347,0.375
"Penney, Scott","2026",99,76,57,0.347,0.385
"Petersen, Mika","2024",528,459,413,0.347,0.368
"Stocum, Nate","2023",397,359,325,0.347,0.36
"Arnold, Zach","2021",19,19,17,0.346,0.387
"Bell, Andrew","2025",404,366,308,0.346,0.369
"Bergevin, Matt","2023",665,582,510,0.346,0.35
"Cash, Donovan","2022",267,250,220,0.346,0.367
"Cashman, Teddy","2025",264,243,197,0.346,0.391
"Chatfield, Jonathan","2025",33,27,21,0.346,0.346
"DePino, Anthony","2023",383,341,303,0.346,0.36
"Dickinson, Tim","2026",246,221,187,0.346,0.363
"Drapeau, Brandon","2023",343,320,294,0.346,0.349
"Miller, Sam","2025",337,300,260,0.346,0.372
"Tramel, Braxton","2026",134,109,66,0.346,0.494
"Eubanks, Gray","2026",82,75,57,0.345,0.411
"Gupton, Michael","2025",584,553,467,0.345,0.392
"Hackett, Justin","2025",456,404,300,0.345,0.423
"Johnson, Davis","2024",309,258,216,0.345,0.411
"Palmeri, Cole","2022",237,221,187,0.345,0.389
"Pettay, Greg","2025",404,371,321,0.345,0.363
"Waid, Ty","2024",156,142,100,0.345,0.441
"Brooks, Jack","2023",264,201,169,0.344,0.353
"Cantwell, Luke","2023",422,352,308,0.344,0.315
"Gill, Cameron","2022",143,127,107,0.344,0.357
"Goodman, Jack","2023",308,294,266,0.344,0.372
"Lucarelli, Michael","2025",349,309,271,0.344,0.352
"Polk, Hudson","2023",413,362,310,0.344,0.364
"Shapiro, Caden","2023",368,329,287,0.344,0.379
"Anderson, Aedan","2024",443,395,341,0.343,0.357
"Baker, Davis","2025",442,408,372,0.343,0.345
"Cha, Eric","2025",546,522,466,0.343,0.372
"Doyle, Jack","2024",385,331,281,0.343,0.347
"Frei, Gehrig","2024",646,589,537,0.343,0.356
"Grabau, Anthony","2026",215,192,159,0.343,0.365
"Greger, Gavin","2025",703,677,617,0.343,0.361
"Jackson, Jadyn","2022",251,231,211,0.343,0.343
"Jaconski, Jesse","2024",434,390,312,0.343,0.417
"Kernodle, Jake","2025",449,384,312,0.343,0.359
"Miller, Khyree","2023",515,469,373,0.343,0.396
"Bant, Jay","2024",490,438,404,0.342,0.333
"Bishop, Casey","2024",530,500,434,0.342,0.377
"Crain, Griffin","2026",204,182,167,0.342,0.331
"Jackson, Tyree","2025",69,61,53,0.342,0.393
"Roden, Alan","2021",106,97,91,0.342,0.353
"Rogers, Drew","2021",48,46,44,0.342,0.342
"Sherwin, Anthony","2022",283,243,179,0.342,0.401
"Skarad, Joey","2023",105,95,71,0.342,0.408
"Toomey, Jack","2025",569,523,465,0.342,0.351
"Kulikowski, Jake","2024",455,417,337,0.341,0.382
"Meggers, Chase","2022",442,392,362,0.341,0.355
"Micheletti, Eddie","2022",606,573,543,0.341,0.339
"Ray, Hunter","2026",22,15,6,0.341,0.447
"Branch, Kolby","2023",516,484,424,0.34,0.361
"Greger, Gavin","2024",468,448,400,0.34,0.371
"Holland, Luke","2025",276,244,194,0.34,0.37
"Lidsky, Blaine","2022",255,226,184,0.34,0.377
"Pettay, Greg","2024",361,304,240,0.34,0.373
"Roselli, Nick","2023",602,532,472,0.34,0.342
"Sullivan, Jimmy","2021",49,49,45,0.34,0.371
"Walsh, Chris","2026",49,30,16,0.34,0.266
"Baruch, Dan","2022",10,8,4,0.339,0.503
"Belisario, Anthony","2026",150,114,77,0.339,0.347
"Bertsch, Connor","2022",409,373,303,0.339,0.394
"Brotz, AJ","2025",169,143,137,0.339,0.287
"Chance, Cal","2026",102,92,84,0.339,0.329
"Davis, Jakobi","2024",424,387,327,0.339,0.361
"Harley, Jack","2025",480,382,320,0.339,0.337
"Howe, Garrett","2023",328,272,240,0.339,0.326
"Loughren, Colsen","2026",72,69,45,0.339,0.496
"Shaver, Anthony","2021",25,17,15,0.339,0.197
"Young, Scotty","2024",485,455,393,0.339,0.365
"Allen, Logan","2022",389,350,296,0.338,0.393
"Gaich, AJ","2022",329,275,223,0.338,0.331
"Galason, Anthony","2021",179,169,151,0.338,0.355
"Hulett, Bryce","2021",248,225,199,0.338,0.355
"Martin, Ryan","2026",133,118,93,0.338,0.386
"Middleton, Charles","2021",326,301,267,0.338,0.369
"Rao, Santino","2024",138,136,108,0.338,0.419
"Spanier, Jack","2025",345,292,264,0.338,0.314
"Tate, Jack","2026",150,132,106,0.338,0.368
"Venuto, Matt","2022",250,236,220,0.338,0.34
"Bianchina, Vincent","2022",455,404,384,0.337,0.32
"Fazzari, Nicholas","2022",255,228,190,0.337,0.387
"Hogart, Jonathan","2022",641,593,537,0.337,0.345
"Holderbach, Drew","2022",525,483,439,0.337,0.356
"Huber, Ben","2022",321,288,228,0.337,0.375
"Martin, Brayden","2025",387,339,317,0.337,0.308
"Meluskey, Tommy","2026",182,150,118,0.337,0.333
"Short, Brady","2024",453,403,355,0.337,0.356
"Cobb Jr., Tremayne","2023",204,194,160,0.336,0.403
"Franco, Marcus","2022",309,301,269,0.336,0.365
"Harley, Jack","2026",321,276,233,0.336,0.338
"Johnson, Gunnar","2024",106,94,82,0.336,0.333
"Krzciok, Brady","2025",304,286,250,0.336,0.359
"Maves, Kyle","2021",39,33,29,0.336,0.309
"Mills, Griffin","2024",236,178,134,0.336,0.406
"Noriega, Gavin","2024",320,288,256,0.336,0.345
"Pagano, Joey","2024",30,28,24,0.336,0.363
"Polk, Matthew","2023",582,525,497,0.336,0.343
"Preslar, Grayson","2022",213,192,142,0.336,0.446
"Taylor, Brandon","2021",22,20,18,0.336,0.334
"Tomasetto, Nick","2026",191,153,109,0.336,0.379
"Zarrillo, Michael","2024",321,297,233,0.336,0.391
"Belisario, Anthony","2025",445,383,311,0.335,0.351
"Cassella, Justin","2022",256,224,172,0.335,0.394
"H, Player","2024",10,10,8,0.335,0.419
"Joseph, Thomas","2021",107,103,77,0.335,0.429
"Merlonghi, Gianno","2025",622,542,502,0.335,0.321
"Militello, Jackson","2024",81,71,45,0.335,0.449
"O'Conor, Michael","2025",333,296,252,0.335,0.364
"Connolly, Brian","2026",267,241,201,0.334,0.354
"Downs, Aaron","2023",145,128,104,0.334,0.353
"Genther, Eric","2024",524,480,442,0.334,0.327
"Lopez, Nelphie","2025",364,331,293,0.334,0.358
"Sorrentino, Tyler","2022",566,524,450,0.334,0.358
"Sullivan, Billy","2024",404,355,323,0.334,0.332
"Brenczewski, Joey","2024",289,268,242,0.333,0.363
"Gell, Scott","2026",106,93,63,0.333,0.418
"Harry, Jay","2022",524,481,465,0.333,0.336
"Heaton, Brodey","2022",468,431,355,0.333,0.367
"Keblinsky, Peter","2025",282,272,248,0.333,0.351
"Reinisch, Jake","2023",400,358,322,0.333,0.341
"Rose, Cedric","2023",356,318,264,0.333,0.373
"Arnone, Griffin","2022",510,453,373,0.332,0.373
"Elko, Michael","2025",562,479,425,0.332,0.339
"Richter, Easton","2025",66,64,46,0.332,0.446
"Vasquez, Jose","2026",39,30,24,0.332,0.28
"Zellem, Tanner","2023",109,90,70,0.332,0.399
"Cranford, Collier","2023",294,278,262,0.331,0.34
"Day, Brady","2022",445,404,376,0.331,0.324
"DeMattio, Zach","2022",177,165,135,0.331,0.372
"Gaudreau, Jacob","2022",35,29,25,0.331,0.298
"Hager, Kevin","2025",71,69,63,0.331,0.351
"Stearns, Clay","2022",388,315,265,0.331,0.344
"Usher, Levi","2021",18,14,8,0.331,0.401
"Ballard, Michael","2024",149,137,123,0.33,0.355
"Blauser, Cooper","2025",144,118,86,0.33,0.376
"Fortin, Joe","2021",89,72,52,0.33,0.392
"Frank, Jack","2021",17,13,13,0.33,0.22
"Sosa, Gustavo","2021",22,16,8,0.33,0.389
"Tucker, Jackson","2024",412,376,342,0.33,0.333
"Carr, Cade","2025",262,229,203,0.329,0.325
"D'Amico, Pat","2024",416,392,348,0.329,0.362
"Eisert, Eddie","2023",610,549,483,0.329,0.36
"Goodman, Connor","2023",160,127,117,0.329,0.368
"Pagano, Joey","2025",609,559,531,0.329,0.323
"Roper, Jackson","2026",217,202,183,0.329,0.337
"Aschettino, AJ","2025",472,428,390,0.328,0.326
"Camera, Dominic","2025",290,266,230,0.328,0.353
"Enis, Griffin","2026",119,97,74,0.328,0.369
"Flynn, Danny","2026",71,56,35,0.328,0.37
"Galanie, Ryan","2022",610,555,505,0.328,0.332
"Sullivan, Thomas","2025",24,24,22,0.328,0.358
"Diaz, Chris","2026",140,124,92,0.327,0.385
"Dix, Eliot","2023",471,444,416,0.327,0.326
"Fronduto, Danati","2026",181,166,135,0.327,0.366
"Johnson, Gunnar","2023",337,320,278,0.327,0.354
"Lincoln, Nathan","2025",523,472,430,0.327,0.324
"Luders, Jonathan","2021",60,37,37,0.327,0.27
"Meluskey, Thomas","2024",343,313,271,0.327,0.338
"Overholt, Collin","2025",353,309,267,0.327,0.35
"Baxter, Cuyler","2025",407,387,381,0.326,0.312
"Courtney, Tommy","2021",49,49,45,0.326,0.355
"De La Rosa, Albert","2026",218,200,177,0.326,0.332
"Donohue, Gavin","2025",525,480,406,0.326,0.368
"Grady, Keaton","2025",56,50,42,0.326,0.336
"Grant, Max","2022",688,647,599,0.326,0.334
"Tuupo, Chandler","2025",672,609,581,0.326,0.322
"Bozzo, Greg","2023",360,358,338,0.325,0.346
"Dever, Brady","2024",208,194,154,0.325,0.376
"Goodner, Harley","2025",180,158,116,0.325,0.374
"Jolley, Aidan","2023",258,243,215,0.325,0.342
"Kelly, Frank","2026",177,144,127,0.325,0.295
"MacDougall, Danny","2024",456,404,352,0.325,0.341
"Callahan, Brett","2021",88,86,80,0.324,0.339
"Haas, Matthias","2021",86,73,69,0.324,0.364
"King, Ryan","2025",83,69,63,0.324,0.339
"Knipp, Grant","2022",263,249,209,0.324,0.362
"Maurice, Kyle","2021",10,10,4,0.324,0.809
"Ridley, Cam","2021",269,233,187,0.324,0.377
"Williams, Derek","2024",114,97,85,0.324,0.369
"Bade, Devan","2023",706,634,568,0.323,0.351
"Hylton, Jayden","2023",210,199,165,0.323,0.365
"O'Neill, Dean","2025",312,302,282,0.323,0.343
"Sass, Ray","2022",33,21,17,0.323,0.139
"Smith, Jordan","2023",558,518,478,0.323,0.333
"Baran, Joey","2025",189,164,144,0.322,0.342
"Gell, Scott","2025",250,240,222,0.322,0.332
"Gerlott, Billy","2023",460,420,362,0.322,0.333
"Gold, Jack","2025",220,177,149,0.322,0.318
"Harrington, Steve","2023",425,390,314,0.322,0.377
"Kendrick, Micah","2026",330,302,256,0.322,0.358
"Pasqualini, Hunter","2022",528,483,443,0.322,0.328
"Prevesk, Matt","2024",261,236,194,0.322,0.359
"Shimada, Kohtaro","2023",101,82,72,0.322,0.269
"Becchetti, Mike","2023",137,123,107,0.321,0.32
"Davis, Vincent","2026",77,67,39,0.321,0.474
"Gillespie, Davis","2023",342,313,261,0.321,0.354
"Hawke, Austin","2024",440,374,280,0.321,0.357
"Kane, Aiden","2022",685,625,557,0.321,0.325
"Larson, Connor","2024",210,185,157,0.321,0.337
"Moralez, Mitchell","2021",388,358,352,0.321,0.31
"Rollauer, Thomas","2024",368,313,279,0.321,0.322
"Wetterau, Colin","2022",315,289,259,0.321,0.332
"Bentley, Carter","2026",148,121,105,0.32,0.28
"French, Anderson","2026",105,96,72,0.32,0.38
"Hewett, Calvin","2021",268,234,194,0.32,0.335
"Jackson, Matthew","2026",114,97,71,0.32,0.348
"Metzner, Ben","2022",152,130,96,0.32,0.349
"Penney, Scott","2025",241,221,181,0.32,0.35
"Thompson, Ryan","2026",118,110,85,0.32,0.388
"Wirtanen, Robert","2022",88,76,60,0.32,0.377
"Brown, Cade","2026",135,109,78,0.319,0.33
"Gilliland, Hayden","2021",121,97,87,0.319,0.356
"Graveline, Matthew","2023",387,352,298,0.319,0.352
"Kretzschmar, Kade","2021",10,10,8,0.319,0.399
"Morales, Antonio","2026",124,95,81,0.319,0.258
"Chatelle, Matthew","2024",370,352,328,0.318,0.321
"Donofrio, Anthony","2022",480,453,413,0.318,0.331
"Freeberger, Dominic","2021",370,337,317,0.318,0.299
"Head, Tristan","2024",391,356,308,0.318,0.326
"Mummau, Jake","2023",165,142,124,0.318,0.35
"Viera, Max","2021",108,104,92,0.318,0.343
"Berger, Jake","2022",37,33,31,0.317,0.29
"Daniel, Conlan","2025",626,548,490,0.317,0.326
"Duff, Will","2021",62,60,52,0.317,0.352
"Renwick, Jack","2023",238,221,187,0.317,0.352
"Ruscitti, Tom","2022",537,482,412,0.317,0.328
"Sheffield, Jaden","2024",278,266,218,0.317,0.366
"Benick, Tyler","2025",30,19,17,0.316,0.112
"Cesarini, Ryan","2023",578,533,507,0.316,0.317
"Ciulla-Hall, Trey","2022",187,167,139,0.316,0.326
"Marsh, Bobby","2023",113,105,85,0.316,0.356
"McKenzie, Tyler","2022",406,386,332,0.316,0.344
"Moore, Grayson","2021",66,56,38,0.316,0.441
"Rivera, Danniel","2022",180,145,123,0.316,0.311
"Romano, Nick","2025",682,623,568,0.316,0.312
"Brown-Eiring, Matthew","2023",218,184,150,0.315,0.301
"Carson, Chris","2025",231,211,199,0.315,0.297
"Crowely, Colin","2026",167,138,113,0.315,0.289
"Darnell, Sean","2025",269,243,231,0.315,0.289
"Dwyer, Joe","2025",75,65,49,0.315,0.341
"Greco, Anthony","2026",115,102,78,0.315,0.35
"Kopack, Addison","2023",276,258,234,0.315,0.343
"Phinney, Jackson","2022",110,104,86,0.315,0.355
"Watkins, Jailen","2026",106,89,69,0.315,0.313
"Williams, Shane","2025",89,72,60,0.315,0.272
"Fagnant, Christian","2023",37,35,27,0.314,0.379
"Iannazzo, Michael","2026",20,18,17,0.314,0.328
"Jones, Brendan","2024",346,288,240,0.314,0.318
"Jones, Kyle","2024",507,443,407,0.314,0.311
"Kaczmar, Henry","2023",343,307,275,0.314,0.301
"Ordonez, Santiago","2025",99,97,95,0.314,0.313
"Russo, Matthew","2023",266,244,216,0.314,0.316
"Diamant, Demitri","2023",372,324,270,0.313,0.365
"Ditomaso, Steve","2022",521,505,451,0.313,0.35
"Hanson, Chase","2022",408,385,343,0.313,0.342
"Hauser, Rex","2026",62,55,42,0.313,0.347
"Mueller, Sebastian","2022",299,288,254,0.313,0.339
"O'Brien, Gavin","2026",77,63,37,0.313,0.391
"Sengenberger, Aidan","2025",379,332,266,0.313,0.348
"Zwirecki, Thomas","2026",76,55,38,0.313,0.264
"Correa, Jr., Efrain","2023",190,168,142,0.312,0.311
"Hansen, Trevor","2025",440,404,354,0.312,0.325
"Monile, Nick","2025",316,253,227,0.312,0.243
"O'Brien, Michael","2026",79,67,57,0.312,0.287
"Pisano, Kayle","2025",314,289,243,0.312,0.343
"Reyes, Luca","2024",194,182,154,0.312,0.339
"Righi, Camden","2026",225,203,164,0.312,0.339
"Santa Maria, Tony","2022",645,581,527,0.312,0.327
"Tierney, Aiden","2023",244,222,184,0.312,0.347
"Trotta, Mark","2022",399,360,316,0.312,0.345
"Zee, Jamie","2026",253,227,163,0.312,0.386
"Beck, Austin","2023",170,164,136,0.311,0.358
"Hopko, Jack","2025",422,367,341,0.311,0.316
"Huett, Cole","2026",109,96,67,0.311,0.372
"Hunt, Wyatt","2025",405,378,336,0.311,0.336
"Huntzinger, Jerry","2021",36,34,28,0.311,0.351
"Jaros, Ryan","2026",148,136,103,0.311,0.366
"MacDougall, Ryan","2024",210,186,154,0.311,0.317
"Milner, Beck","2023",76,59,45,0.311,0.264
"Rezek, Joseph","2022",232,218,176,0.311,0.355
"Sullivan, Jimmy","2023",127,112,90,0.311,0.324
"Ahearn, Qwynn (Denis)","2025",213,189,157,0.31,0.332
"Henington, Kyle","2024",459,386,332,0.31,0.31
"Solorzano, Nick","2024",223,183,147,0.31,0.301
"Vance, Cooper","2025",31,31,29,0.31,0.331
"Voytovich, Grant","2023",293,226,176,0.31,0.304
"Bertsch, Connor","2021",16,14,8,0.309,0.445
"Cook, Will","2025",368,324,250,0.309,0.344
"Cox, Tyler","2023",426,360,324,0.309,0.304
"Loikits, Andrew","2025",258,226,190,0.309,0.34
"Luttazi, Steve","2022",359,319,273,0.309,0.305
"Minckler, Matthew","2026",236,225,192,0.309,0.343
"Moats, Dominic","2025",152,138,102,0.309,0.366
"Penney, Jack","2022",318,291,235,0.309,0.35
"Petrucci, Josh","2021",32,30,20,0.309,0.425
"Stone, Alex","2022",347,326,294,0.309,0.337
"Wyers, Drew","2023",521,470,432,0.309,0.331
"Brini, Niko","2023",368,331,285,0.308,0.308
"Corn, Aidan","2023",218,196,142,0.308,0.385
"Dapkewicz, Adam","2022",425,373,291,0.308,0.356
"Heitzman, John","2026",34,27,12,0.308,0.527
"Holt, Jonathan","2026",80,63,49,0.308,0.278
"Jimenez, Sebastian","2022",73,69,63,0.308,0.314
"Ketterman, Zach","2023",429,393,325,0.308,0.33
"LaRose, Jack","2026",158,141,118,0.308,0.313
"Langley, Kyle","2026",93,75,60,0.308,0.271
"Skagerlind, Kevin","2023",474,410,376,0.308,0.306
"Feinberg, Harrison","2024",191,170,142,0.307,0.355
"Flores, Randy","2022",129,114,110,0.307,0.266
"Hull, Mason","2021",201,185,167,0.307,0.303
"Leuthner, Stanton","2022",174,154,106,0.307,0.374
"Robinson, Corey","2025",297,261,217,0.307,0.348
"Smith, Matt","2022",312,290,248,0.307,0.336
"Archer, Ganon","2024",12,12,8,0.306,0.459
"Bello, Michael","2023",296,261,243,0.306,0.298
"Berg, Derek","2022",161,145,121,0.306,0.316
"Brigman, Dawson","2021",255,204,188,0.306,0.276
"Colasante, Giovanni","2023",393,352,286,0.306,0.343
"Natividad, Gabriel","2025",306,277,251,0.306,0.315
"Ramppen, Zach","2024",25,25,25,0.306,0.306
"Rickheim, Jack","2026",191,167,124,0.306,0.338
"Sahler, Cian","2024",571,541,513,0.306,0.311
"Barron, Nick","2026",46,42,29,0.305,0.389
"Cooney, Ryan","2024",482,419,369,0.305,0.301
"Flint, Tucker","2022",137,121,101,0.305,0.304
"Kraus, Steven","2026",250,214,177,0.305,0.325
"Marti, John","2021",367,316,298,0.305,0.279
"Pendleton, Caleb","2022",191,187,159,0.305,0.349
"Seymour, Randy","2024",736,689,625,0.305,0.326
"Covino, Dan","2022",556,488,418,0.304,0.298
"Ferrara, Dean","2024",705,644,604,0.304,0.304
"Garcia, Esteban","2026",26,25,18,0.304,0.401
"Guachione, Nick","2025",183,169,135,0.304,0.35
"Harmon, Trevor","2026",238,187,155,0.304,0.338
"Mattei, Robert","2022",206,196,176,0.304,0.348
"Mayes, Casey","2021",89,85,70,0.304,0.347
"Salva, Guriyandel","2026",52,45,45,0.304,0.306
"Schrader, Gavin","2025",321,290,274,0.304,0.3
"Troch, Adam","2026",55,49,42,0.304,0.366
"Woodie, Tony","2026",154,128,87,0.304,0.34
"Flynn, Liam","2025",125,106,94,0.303,0.264
"Haley, Jack","2023",85,81,63,0.303,0.365
"Long, Tyler","2023",295,268,232,0.303,0.332
"Ossenfort, Matt","2025",201,185,151,0.303,0.349
"Boardman, Cameron","2026",204,184,160,0.302,0.299
"Garcia, Matt","2023",346,293,251,0.302,0.328
"Kent, Zack","2025",718,617,583,0.302,0.31
"MacDougall, Ryan","2025",175,152,134,0.302,0.296
"Millan, Jake","2024",188,186,162,0.302,0.342
"Morgan, Owen","2026",48,38,31,0.302,0.245
"Craska, Petey","2026",39,34,28,0.301,0.296
"Ellis, Hudson","2026",233,183,162,0.301,0.242
"Fedko, Christian","2021",190,166,162,0.301,0.251
"Kale, David","2021",77,77,73,0.301,0.317
"Kim, Isaac","2024",362,329,309,0.301,0.325
"Torres, Michael","2025",375,329,295,0.301,0.296
"Wilson, Ryan","2022",400,349,311,0.301,0.291
"Best, Justin","2026",101,82,54,0.3,0.331
"Kozarian, Jon","2021",251,222,192,0.3,0.335
"Link, Peter","2026",82,69,41,0.3,0.382
"Mendez, David","2025",510,479,443,0.3,0.303
"Ramirez, Alex","2023",341,295,241,0.3,0.305
"Black, Dixon","2022",227,213,193,0.299,0.301
"Elbeery, Jake","2022",85,77,69,0.299,0.288
"Lopez, Ubaldo","2021",194,178,154,0.299,0.305
"Rodriguez, Damaurys","2023",104,98,98,0.299,0.275
"Wallace, Colby","2026",50,44,30,0.299,0.36
"Flores, Nick","2026",227,185,149,0.298,0.277
"Marot, Alex","2025",480,450,394,0.298,0.31
"Niclai, Coen","2025",238,211,181,0.298,0.304
"Pitts, Gabriel","2025",166,152,136,0.298,0.313
"Ruiz, Matt","2023",16,12,12,0.298,0.283
"Shulman, Tyler","2026",166,139,125,0.298,0.274
"Fredo, Ty","2026",92,77,63,0.297,0.335
"Gonzalez, Ethan","2026",23,20,13,0.297,0.366
"Jones, Charlie","2025",272,221,181,0.297,0.282
"Kelly, Jonathan","2021",26,22,18,0.297,0.276
"Landwehr, Parker","2021",53,50,46,0.297,0.298
"Worcester, Chris","2023",298,270,252,0.297,0.307
"Broderick, James","2022",247,228,194,0.296,0.31
"De Goti, Brandon","2025",447,407,363,0.296,0.296
"DiGeorgio, Danny","2021",87,83,79,0.296,0.292
"Dunkel, Carson","2022",261,223,175,0.296,0.308
"Egrie, CJ","2025",312,226,204,0.296,0.213
"Kendro, Jake","2025",123,117,97,0.296,0.332
"Moran, Landon","2023",483,419,369,0.296,0.283
"Rowland, Parker","2023",287,265,207,0.296,0.35
"Stang, Bobby","2026",105,101,82,0.296,0.346
"Zeisloft, Luke","2024",234,201,159,0.296,0.309
"Colasante, Gio","2025",173,157,127,0.295,0.337
"Gates, Sam","2025",456,391,327,0.295,0.302
"O'Neill, Dean","2024",552,518,490,0.295,0.316
"Russo, Jake","2026",44,38,37,0.295,0.238
"Aquino, Jose","2021",66,50,42,0.294,0.348
"Gamester, Dennis","2025",136,110,88,0.294,0.251
"Jaconski, Jesse","2025",257,237,181,0.294,0.365
"Peyton, Jordan","2024",779,718,674,0.294,0.294
"Rickheim, Jack","2025",467,434,376,0.294,0.304
"Schaaf, Blake","2024",416,353,285,0.294,0.286
"Swain, Chase","2024",53,53,47,0.294,0.331
"Swank, Carson","2022",343,316,290,0.294,0.293
"Thompson, Jt","2025",513,474,440,0.294,0.294
"Wolfe, Matt","2024",12,12,8,0.294,0.44
"Goodman, Jack","2024",617,563,463,0.293,0.329
"Goranson, Nathan","2023",300,268,218,0.293,0.302
"Goytia, AJ","2024",82,76,64,0.293,0.31
"High, Hunter","2025",146,130,114,0.293,0.303
"Ludwick, Charles","2022",411,381,319,0.293,0.312
"McGovern, Garrett","2026",58,50,25,0.293,0.487
"Meglio, Charlie","2026",163,147,128,0.293,0.298
"Senese, Nico","2026",234,216,186,0.293,0.305
"Wideman, Ryan","2024",83,70,52,0.293,0.296
"DeMucci, Joey","2025",334,310,286,0.292,0.302
"Dieguez, Matthew","2026",10,7,5,0.292,0.171
"Maves, Kyle","2022",196,182,144,0.292,0.33
"Mercedes, Cristian","2023",115,101,91,0.292,0.263
"Wallace, Colby","2025",485,456,428,0.292,0.29
"Dulin, Caden","2024",590,551,523,0.291,0.299
"Fox, Evan","2022",598,548,520,0.291,0.281
"Jones, Brendan","2023",301,283,251,0.291,0.3
"Jones, Scott","2022",315,291,273,0.291,0.296
"Lopez, Nelphie","2026",221,202,171,0.291,0.315
"Peyton, Jordan","2023",548,492,446,0.291,0.284
"Wall, Shanley","2025",29,23,21,0.291,0.205
"Beckstein, Luke","2022",348,301,265,0.29,0.258
"Castillo, Marco","2022",159,146,126,0.29,0.295
"Ecker, Chase","2026",24,19,16,0.29,0.306
"Masiuk, Luke","2022",303,268,226,0.29,0.294
"Moriarty, Conor","2026",45,41,40,0.29,0.257
"Napolitano, Paul","2025",102,95,89,0.29,0.278
"Natividad, Gabriel","2026",180,164,157,0.29,0.266
"Ramppen, Zack","2024",87,87,83,0.29,0.304
"Travisano, Matt","2024",185,176,142,0.29,0.334
"Trigiani, Luca","2023",340,308,276,0.29,0.318
"Walsh, Chris","2025",118,110,78,0.29,0.368
"Williamson, Ben","2022",329,323,299,0.29,0.305
"Borrelli, Michael","2022",309,276,224,0.289,0.325
"Brown, Michael","2026",130,100,85,0.289,0.239
"D'Amato, Hunter","2023",78,70,62,0.289,0.275
"DiTullio, Tommy","2022",418,391,340,0.289,0.309
"Jenkins, Jeremiah","2023",541,494,420,0.289,0.322
"Luccini, Alex","2023",82,80,68,0.289,0.328
"Overton, Matthew","2021",33,31,25,0.289,0.326
"Owen, Jackson","2023",273,240,196,0.289,0.286
"Petersen, Mika","2025",467,420,386,0.289,0.314
"Sosa, Joan","2022",148,143,131,0.289,0.3
"Stern, Aidan","2025",142,114,104,0.289,0.295
"Bogue, Charlie","2024",21,17,17,0.288,0.194
"Butera, Christian","2026",149,113,75,0.288,0.306
"Calero, Keagan","2021",93,81,71,0.288,0.261
"Extra 2","2024",10,10,4,0.288,0.721
"Gerety, Ryan","2025",635,596,548,0.288,0.296
"Gustin, Jake","2022",415,394,348,0.288,0.306
"Medina, Adonis","2026",108,94,72,0.288,0.316
"Milewski, Kevin","2025",86,74,60,0.288,0.275
"Rogers, Jordon","2021",177,161,125,0.288,0.32
"Stephenson, Sean","2026",63,61,49,0.288,0.342
"Sullivan, Billy","2023",545,518,472,0.288,0.293
"Vidal, Andre","2024",428,375,279,0.288,0.321
"Cowan, Will","2026",73,59,48,0.287,0.235
"Long, Justin","2022",220,192,140,0.287,0.332
"Moroney, Reece","2024",583,467,399,0.287,0.302
"Scanlon, Jack","2022",216,194,164,0.287,0.303
"Terranova, Joe","2025",114,87,65,0.287,0.258
"Tirado, Anthony","2026",177,152,122,0.287,0.281
"Whitley, Aaron","2023",346,315,289,0.287,0.301
"Arias, Owen","2025",287,264,238,0.286,0.278
"DeAndrade, Nolan","2025",261,234,186,0.286,0.335
"Goforth, Evan","2023",352,330,294,0.286,0.291
"Howard, Billy","2025",314,275,249,0.286,0.264
"Manjooran, Matthew","2026",57,47,33,0.286,0.285
"Roper, Jake","2021",27,21,13,0.286,0.275
"Simpson, Maddix","2026",130,98,82,0.286,0.294
"Wilson, Harrison","2024",226,198,164,0.286,0.293
"Berger, Jake","2021",75,75,69,0.285,0.31
"Burley, Jacob","2023",398,359,317,0.285,0.293
"Collado, Joel","2025",45,40,30,0.285,0.313
"Davis, Jakobi","2023",435,396,352,0.285,0.293
"Fernandez, Eric","2024",196,184,154,0.285,0.309
"Giordano, Evan","2021",55,53,45,0.285,0.318
"Grotyohann, Connor","2025",127,114,98,0.285,0.278
"House, Brett","2024",245,213,163,0.285,0.352
"Larson, Brandon","2026",73,67,47,0.285,0.355
"Sirois, Jackson","2026",61,55,41,0.285,0.323
"Toole, Josh","2026",89,76,52,0.285,0.316
"Wertz, Andrew","2024",19,15,13,0.285,0.204
"Berger, Jake","2023",482,382,332,0.284,0.279
"Blaser, Bryce","2024",409,352,296,0.284,0.292
"Kiely, Conor","2023",10,10,8,0.284,0.355
"O'Dowd, Jack","2021",17,15,13,0.284,0.265
"Posey, Aaron","2024",114,102,60,0.284,0.424
"Rogan, Charlie","2025",104,100,80,0.284,0.335
"Barrist, Alex","2026",150,133,122,0.283,0.269
"Guachione, Nick","2024",59,52,42,0.283,0.283
"King, Trey","2025",511,458,430,0.283,0.279
"Leonzi, Ray","2024",441,372,336,0.283,0.274
"Orbon, Luke","2024",320,286,226,0.283,0.309
"Taylor, Jackson","2022",435,372,352,0.283,0.252
"Wells, Tyler","2023",43,37,29,0.283,0.277
"Black, Dixon","2023",343,295,245,0.282,0.308
"Crossen, Danny","2021",95,81,73,0.282,0.263
"Davis, Jared","2024",806,759,679,0.282,0.307
"Edelman, Mikey","2021",31,22,22,0.282,0.115
"Haskin, Parker","2021",67,63,53,0.282,0.304
"Kelsey, Alex","2026",157,135,128,0.282,0.238
"Kopack, Addison","2022",562,509,445,0.282,0.28
"Lea, Jeremy","2021",332,310,276,0.282,0.284
"Mutz, Brady","2022",419,395,359,0.282,0.29
"Rosso, Santino","2022",482,438,406,0.282,0.29
"Scott, Wesley","2026",98,83,67,0.282,0.279
"Spees, Trey","2026",118,102,82,0.282,0.272
"Stephenson, Zach","2022",218,184,152,0.282,0.291
"McIntire, Matthew","2025",161,141,123,0.281,0.3
"Smith, Braeden","2025",281,250,214,0.281,0.282
"Krause, Jack","2022",352,323,247,0.28,0.341
"Stang, Bobby","2025",351,325,293,0.28,0.284
"Winsett, Sam","2026",16,14,12,0.28,0.258
"Bermudez, David","2022",776,719,671,0.279,0.29
"Ford, Tim","2025",40,29,23,0.279,0.425
"Maggy, Ryan","2026",26,22,15,0.279,0.299
"Mazzotta, Nick","2025",219,192,162,0.279,0.262
"Myers, Jack","2026",202,174,151,0.279,0.287
"Thomas, Nathan","2021",58,48,38,0.279,0.317
"Turenne, Ryan","2021",119,117,99,0.279,0.321
"Becchetti, Mike","2022",268,224,196,0.278,0.303
"Burley, Jacob","2024",312,273,243,0.278,0.258
"Ferrentino, Frankie","2024",175,175,165,0.278,0.295
"McElroy, Jake","2023",364,305,267,0.278,0.252
"Mershon, Peter","2026",55,47,32,0.278,0.306
"Whitehill, Simmi","2026",182,159,112,0.278,0.31
"Abrams, Kohl","2022",497,471,431,0.277,0.288
"Barditch, Jonathan","2021",331,300,272,0.277,0.268
"Jones, JD","2024",323,294,262,0.277,0.284
"Minckler, Matthew","2025",314,289,245,0.277,0.285
"Robison, Curtis","2021",65,56,50,0.277,0.236
"Stricklin, Cale","2025",10,6,4,0.277,0.003
"Sullivan, William","2022",583,519,451,0.277,0.304
"Bianchi, Vinny","2021",40,36,32,0.276,0.259
"Claiborn, Jason","2023",398,364,316,0.276,0.301
"De La Cruz, Juan","2024",297,281,243,0.276,0.292
"Gallo, Pierce","2021",196,180,148,0.276,0.31
"Jans, Chase","2024",283,254,226,0.276,0.269
"Marshall, Jackson","2026",235,203,175,0.276,0.28
"Miles, Elliot","2026",195,173,138,0.276,0.28
"Notarangelo, Nick","2022",10,2,0,0.276,0.006
"Perazza, Michael","2025",176,166,154,0.276,0.288
"Schuyler, T.J.","2025",364,346,300,0.276,0.308
"Wachter, Nater","2025",270,240,186,0.276,0.304
"Brotz, Anthony","2025",539,515,491,0.275,0.268
"Chatelle, Matthew","2023",387,356,324,0.275,0.291
"DiLuca, Lucas","2022",361,312,272,0.275,0.24
"Droze, Connor","2024",98,81,61,0.275,0.396
"Saul, Charlie","2026",142,121,86,0.275,0.317
"Bosland, Justin","2022",268,230,190,0.274,0.249
"Kavanaugh, Ethan","2023",144,130,116,0.274,0.28
"Kolben, Ryan","2024",182,156,114,0.274,0.28
"Menzel, Evan","2026",150,124,106,0.274,0.245
"Ritch, Alec","2023",120,116,92,0.274,0.327
"Butler, Justin","2024",121,111,91,0.273,0.288
"DeJohn, Jackson","2022",187,156,126,0.273,0.268
"Pierantoni, Jeff","2023",579,538,494,0.273,0.263
"Rios, Joe","2023",251,243,189,0.273,0.348
"Taylor, Charlie","2022",221,207,167,0.273,0.304
"Ahlers, Tommy","2025",632,577,519,0.272,0.28
"Casaleggio, Michael","2022",569,526,462,0.272,0.296
"Epstein, Tyler","2022",223,211,189,0.272,0.277
"Handal, Michael","2023",152,127,105,0.272,0.23
"Lincoln, Nathan","2023",571,502,440,0.272,0.299
"Perry, Hayden","2025",128,124,90,0.272,0.357
"Stelly, Caleb","2023",288,262,228,0.272,0.293
"Wensley, Casey","2026",226,183,167,0.272,0.302
"Almonte, Matt","2022",361,347,301,0.271,0.302
"Lynch, Jack","2022",377,331,295,0.271,0.29
"Payne, Jared","2021",76,70,60,0.271,0.274
"Payton, Jack","2021",46,34,28,0.271,0.15
"White, Austin","2021",178,164,148,0.271,0.279
"Wilde, Aidan","2021",93,78,64,0.271,0.232
"Craigue, Brooks","2026",24,20,16,0.27,0.233
"Hylton, Brandon","2021",161,153,131,0.27,0.289
"Kingsbury, Hunter","2026",257,244,200,0.27,0.306
"Morales, Antonio","2024",528,460,428,0.27,0.244
"Snyder, Michael","2023",182,170,142,0.27,0.288
"Born, Chad","2023",191,173,149,0.269,0.271
"Gasser, Camden","2023",92,70,64,0.269,0.149
"Novak, Jayden","2025",47,45,37,0.269,0.304
"Sullivan, Gibby","2025",73,69,65,0.269,0.26
"Woods, Matt","2021",76,70,62,0.269,0.263
"Bade, Devan","2022",560,513,449,0.268,0.288
"Bowker, Cody","2023",81,75,57,0.268,0.308
"Coley, Mark","2021",176,171,163,0.268,0.268
"Hernandez, Mateo","2024",265,233,171,0.268,0.322
"McGinnis, Colemen","2025",116,112,100,0.268,0.283
"Miles, Elliot","2025",203,189,167,0.268,0.285
"Perez, Brooks","2026",127,105,75,0.268,0.252
"Terwilliger, Jacob","2022",192,166,98,0.268,0.341
"Wilson, Ethan","2025",350,316,246,0.268,0.286
"Carbone, Cole","2024",189,161,129,0.267,0.262
"Fosberg, Will","2025",229,194,164,0.267,0.226
"Jamison, Aaron","2026",6,4,2,0.267,0.11
"Mascolo, Cole","2024",291,266,206,0.267,0.293
"Paris, Derek","2024",310,281,253,0.267,0.272
"Rubino, Nick","2026",174,151,132,0.267,0.258
"Stecko, Ty","2025",43,37,23,0.267,0.319
"Balcer, Jack","2026",92,79,57,0.266,0.296
"Callahan, Tim","2023",44,42,36,0.266,0.287
"Cunningham, Kai","2025",246,212,192,0.266,0.219
"Quagliato, Nick","2026",212,185,155,0.266,0.249
"Holzemer, Warren","2024",215,195,165,0.265,0.295
"Smith, Noah","2023",272,247,227,0.265,0.254
"Andrews, Jack","2024",123,113,95,0.264,0.269
"Elbeery, Jake","2025",158,142,126,0.264,0.243
"Leikus, Danny","2026",187,164,139,0.264,0.241
"Mendez, David","2024",160,149,133,0.264,0.261
"Monque, Joaquin","2022",172,152,126,0.264,0.251
"Moriarty, Conor","2025",212,179,137,0.264,0.287
"Santerre, Cameron","2023",193,171,149,0.264,0.24
"Soul, Nico","2026",134,120,87,0.264,0.312
"Decker, Dominic","2024",10,10,8,0.263,0.328
"Gale, William","2023",701,646,596,0.263,0.266
"Livermore, Tony","2023",389,349,303,0.263,0.274
"McElroy, Jake","2021",29,25,17,0.263,0.286
"Slater, Jay","2026",20,14,12,0.263,0.208
"Decker, Johnny","2022",289,253,201,0.262,0.267
"DiLoreto, Corey","2021",43,43,39,0.262,0.289
"Leighton, Nathaniel","2026",56,56,49,0.262,0.3
"Ostberg, Ian","2021",21,21,21,0.262,0.262
"Gold, Brady","2026",3,2,2,0.261,0.047
"Golinski, Braden","2021",52,42,36,0.261,0.262
"Knox, Johnny","2024",324,283,237,0.261,0.261
"Latham, Tristan","2021",18,12,8,0.261,0.069
"Leitgeb, Jake","2023",12,12,8,0.261,0.392
"Robertson, Creek","2022",428,393,315,0.261,0.296
"Russell, Devin","2024",30,26,12,0.261,0.422
"Sengenberger, Aidan","2026",147,121,84,0.261,0.251
"Thompson, Zack","2025",288,268,240,0.261,0.268
"Toth, Michael","2024",337,295,227,0.261,0.272
"Battipaglia, Ian","2023",366,315,247,0.26,0.312
"Frontera, Ryan","2026",35,29,24,0.26,0.235
"Myers, Chaz","2023",248,206,184,0.26,0.242
"Pierzynski, Austin","2026",112,97,71,0.26,0.284
"Rivera, Noel","2026",137,119,107,0.26,0.217
"Stella, Joe","2024",148,126,100,0.26,0.295
"Areizaga, Adrian","2025",227,196,160,0.259,0.268
"Castellani, Josh","2025",313,285,225,0.259,0.274
"Diamant, Demitri","2024",132,122,96,0.259,0.284
"Francuzenko, Nicholas","2026",273,228,184,0.259,0.22
"Navyac, JT","2023",255,227,191,0.259,0.303
"Greco, Anthony","2025",624,571,515,0.258,0.275
"Jones, Tyler","2026",60,55,36,0.258,0.335
"Kozar, Rees","2025",462,432,392,0.258,0.265
"Kulasingam, Sam","2022",344,320,294,0.258,0.255
"Brazil, Dylan","2021",89,80,66,0.257,0.305
"Gavello, Thomas","2021",153,136,110,0.257,0.251
"Polemeni, Chris","2026",123,106,78,0.257,0.255
"Raba, Zane","2022",64,58,50,0.257,0.247
"Brown, Harrison","2022",354,308,260,0.256,0.259
"Duffey, Alex","2022",26,21,13,0.256,0.247
"Kirtley, Ryder","2025",187,163,95,0.256,0.33
"Labrador, Daniel","2024",145,134,112,0.256,0.289
"Lopez, Nelphie","2024",420,374,310,0.256,0.282
"McAlister, Tristan","2022",453,429,371,0.256,0.282
"Sherman, Sam","2024",203,185,159,0.256,0.249
"Wolf, Mason","2023",311,276,248,0.256,0.258
"Zaffino, Matt","2021",31,27,19,0.256,0.272
"Broadhurst, Luke","2022",149,112,90,0.255,0.207
"Cox, Tyler","2022",732,649,613,0.255,0.27
"Craigue, Brooks","2024",90,75,63,0.255,0.2
"Palmer, Dylan","2023",398,371,351,0.255,0.236
"Tomaini, Paxton","2022",377,336,286,0.255,0.273
"Knapp, Alex","2022",439,399,313,0.254,0.288
"Estep, Brice","2025",280,246,184,0.253,0.257
"Jans, Chase","2022",17,15,13,0.253,0.225
"McKenzie, Tyler","2023",340,303,247,0.253,0.245
"Shaheen, Will","2026",108,99,74,0.253,0.285
"Trigiani, Luca","2022",620,590,528,0.253,0.268
"Viera, Max","2022",451,413,373,0.253,0.267
"Anglin, Gehrig","2021",75,67,59,0.252,0.227
"Costello, Lucas","2022",443,413,381,0.252,0.239
"Hylton, Brandon","2023",114,108,98,0.252,0.251
"Jaros, Ryan","2025",272,254,230,0.252,0.256
"Kirkpatrick, Sam","2023",480,440,416,0.252,0.261
"Ligenza, Mason","2026",167,150,119,0.252,0.261
"Mascolo, Cole","2025",94,71,51,0.252,0.153
"Pregent, Christian","2022",324,286,236,0.252,0.305
"Alicea, Alex","2024",211,177,159,0.251,0.234
"Botti, Aidan","2026",102,96,74,0.251,0.29
"Livermore, Anthony","2023",32,32,28,0.251,0.287
"Parrillo, Cal","2023",544,482,450,0.251,0.257
"Smith, Spenser","2022",268,243,211,0.251,0.237
"Stephenson, Sean","2025",274,256,238,0.251,0.237
"Stewart, Aiden","2023",305,271,233,0.251,0.245
"Ward, Blaize","2026",111,93,78,0.251,0.215
"Acker, Ty","2025",242,238,200,0.25,0.289
"Bianchina, Vincent","2023",204,174,154,0.25,0.251
"Castronovo, Vincenzo","2021",12,10,4,0.25,0.75
"Jordan, Justin","2021",86,80,70,0.25,0.248
"Kluska, Michael","2021",24,22,12,0.25,0.385
"McGuire, Timothy","2024",338,283,239,0.25,0.241
"Cone, Jack","2022",419,374,340,0.249,0.24
"Donohue, Gavin","2026",265,223,161,0.249,0.32
"Landwehr, JT","2024",236,208,196,0.249,0.201
"Landwehr, JT","2025",136,110,98,0.249,0.191
"Mitchelle, Christian","2024",98,84,70,0.249,0.211
"Novak, Kyle","2022",290,265,235,0.249,0.272
"O'Connell, Thomas","2026",152,130,106,0.249,0.226
"Proto, Ryan","2023",180,170,148,0.249,0.256
"Rounds, Benzan","2022",230,210,178,0.249,0.252
"White, Jermaine","2022",342,303,253,0.249,0.261
"Brinker, Matthew","2023",209,172,124,0.248,0.263
"Flores, Randy","2023",100,90,86,0.248,0.208
"Ford, Jarret","2022",18,16,8,0.248,0.384
"Holt, Travis","2021",79,77,67,0.248,0.272
"Irizarry, Alex","2025",229,206,180,0.248,0.262
"Scanlon, Sean","2023",184,155,123,0.248,0.231
"Venditti, Vincent","2024",16,10,8,0.248,0.324
"Fote, Tyler","2022",274,255,206,0.247,0.291
"Goehrig, Michael","2022",231,226,188,0.247,0.285
"Parks, Samuel","2025",373,299,253,0.247,0.195
"Chatfield, Jimmy","2022",78,70,50,0.246,0.273
"D, Player","2024",13,11,11,0.246,0.165
"Kodali, Devan","2024",238,214,148,0.246,0.283
"Lussier, Matt","2024",129,108,88,0.246,0.267
"Plasschaert, Zach","2025",333,315,237,0.246,0.293
"Shilling, Matt","2021",178,158,136,0.246,0.221
"Bradfield, Jackson","2026",42,39,27,0.245,0.305
"Carter, Brendan","2024",12,12,8,0.245,0.367
"Dalton, Brody","2025",151,145,123,0.245,0.267
"Flint, Tucker","2021",54,42,36,0.245,0.137
"Kamin, Jack","2026",123,113,88,0.245,0.279
"Ruiz, Justin","2026",81,71,58,0.245,0.224
"Applefield, Kalen","2026",137,122,104,0.244,0.221
"Lussier, Shane","2022",195,185,153,0.244,0.266
"Melnick, Danny","2022",342,320,290,0.244,0.245
"Murtha, Brock","2021",97,86,66,0.244,0.244
"Bianchina, Vince","2024",104,86,70,0.243,0.283
"Branch, Kyle","2025",390,349,311,0.243,0.223
"Mowry, Collin","2026",138,132,102,0.243,0.295
"Ramirez, Yeudy","2025",301,273,223,0.243,0.242
"Carpenter, Grayson","2026",203,187,171,0.242,0.227
"Hurt, Willie","2026",174,144,109,0.242,0.228
"Maag, Alec","2022",56,52,36,0.242,0.3
"Marrero, Nick","2021",14,10,8,0.242,0.079
"McGinnis, Coleman","2025",75,69,49,0.242,0.286
"Cannizzaro, Chris","2021",36,30,24,0.241,0.188
"Fagnant, Christian","2022",132,122,82,0.241,0.304
"Rudisill, Bryce","2026",139,118,80,0.241,0.281
"Wang, Nick","2022",221,201,167,0.241,0.253
"Anderson, Brandon","2022",260,246,216,0.239,0.243
"Bello, Mike","2023",16,12,12,0.239,0.088
"Calero, Keagan","2022",171,145,127,0.239,0.203
"Foody, Ryan","2025",79,73,57,0.239,0.258
"Graziano, Michael","2024",107,90,60,0.239,0.23
"Jones, Levi","2026",170,130,97,0.239,0.256
"Kron, Drew","2023",287,260,226,0.239,0.267
"Parrillo, Cal","2022",210,178,164,0.239,0.205
"Rice, Trent","2026",106,84,69,0.239,0.167
"Schmidt, Carl","2024",176,162,136,0.239,0.238
"Grace, Drew","2021",23,23,21,0.238,0.261
"Jeremiah, Jace","2023",301,275,237,0.238,0.245
"Maldonado, Cameron","2023",174,150,110,0.238,0.226
"McAndrews, Thomas","2024",227,203,135,0.238,0.277
"Bell, Jake","2026",92,88,59,0.237,0.322
"Binder, William","2022",402,380,328,0.237,0.263
"Jenkins, Luke","2025",463,439,401,0.237,0.24
"Lanowitz, Corbin","2024",389,346,324,0.237,0.231
"McGirt, Troy","2022",145,137,101,0.237,0.285
"LaFleur, John","2025",91,81,73,0.236,0.2
"Messinger, Skyler","2021",51,49,37,0.236,0.288
"Nardi, Ben","2022",234,203,173,0.236,0.247
"Reynolds, Jack","2023",432,365,297,0.236,0.227
"Shpur, Caleb","2023",248,222,198,0.236,0.205
"Brinker, Matthew","2024",4,4,4,0.235,0.235
"Hampton, Will","2026",126,106,99,0.235,0.167
"McElroy, Jake","2022",557,497,439,0.235,0.245
"Rhoades, Sebastian","2026",108,95,75,0.235,0.264
"Sherman, Sam","2023",187,175,145,0.235,0.246
"Johnson, Max","2022",278,250,182,0.234,0.252
"Martin, Kaden","2023",153,129,98,0.234,0.253
"DeMartinis, Stanley","2022",389,356,300,0.233,0.236
"Izquierdo, Victor","2024",104,90,76,0.233,0.192
"Mendes, Alexander","2025",316,267,241,0.233,0.202
"Monque, Joacquin","2022",9,6,4,0.233,0.006
"Rubin, Joseph","2023",19,19,17,0.233,0.26
"Esquer, Xavier","2023",161,147,129,0.232,0.236
"Luders, Jon","2022",394,359,347,0.232,0.198
"Scilley, Landon","2025",159,147,125,0.232,0.229
"Carpenter, Joseph","2021",67,59,55,0.231,0.181
"Salvo, Joseph","2023",85,73,57,0.231,0.199
"Steele, Anthony","2022",37,27,23,0.231,0.072
"Padilla, Bryan","2023",462,421,381,0.23,0.205
"Staubley, Brennan","2026",227,215,198,0.23,0.229
"Sullivan, Billy","2022",37,35,30,0.23,0.237
"Giesler, John","2022",49,42,34,0.229,0.188
"Maloney, Matthew","2023",223,203,187,0.229,0.229
"Shealor, Bennett","2025",232,200,170,0.229,0.199
"Collender, Sebastian","2026",78,64,42,0.228,0.194
"Delph, Michael","2026",69,53,30,0.228,0.248
"Durand, Brandyn","2025",384,354,282,0.228,0.247
"Jackson, Alexander","2021",28,24,24,0.228,0.151
"Lynch, Colin","2026",12,10,5,0.227,0.268
"Miceli, Matt","2023",542,504,470,0.227,0.223
"O'Connor, Keegan","2023",77,69,47,0.227,0.254
"Petrich, Owen","2024",164,160,148,0.227,0.233
"Young, Tyler","2023",243,229,195,0.227,0.247
"Alvarez, David","2025",260,242,216,0.225,0.242
"Durocher, Pete","2023",444,419,371,0.225,0.223
"Kramer, Jayson","2022",500,465,421,0.225,0.224
"McGee, James","2026",135,122,109,0.225,0.196
"Pincince, Owen","2025",52,48,46,0.225,0.194
"Spiegel, Josh","2022",155,147,119,0.225,0.246
"White, Nick","2023",44,40,28,0.225,0.254
"Guerrero, A.J","2022",14,10,8,0.224,0.392
"Jaconski, Joseph","2022",471,451,399,0.224,0.229
"Livingston, Rueben","2026",3,3,2,0.224,0.336
"Miceli, Matt","2024",378,332,304,0.224,0.203
"Lotito, Christopher","2022",37,33,17,0.223,0.486
"Messervy, Peter","2023",288,269,243,0.223,0.219
"Willhoite, Trace","2022",145,133,103,0.223,0.234
"Battipaglia, Ian","2022",478,442,394,0.222,0.222
"Digiacomo, Roman","2023",261,248,226,0.222,0.245
"Forde, Aedan","2024",128,118,108,0.222,0.212
"Franco, Cesar","2022",320,284,244,0.222,0.2
"Scanlon, Sean","2025",119,99,65,0.222,0.236
"O'Brien, Brady","2022",296,257,217,0.221,0.219
"Wright, Brooks","2025",242,229,191,0.221,0.244
"Aquino, Pablo","2026",35,31,23,0.22,0.214
"Bello, Michael","2022",271,253,243,0.22,0.194
"Cordeiro, Antonio","2026",57,50,27,0.22,0.286
"Cordova, Ramses","2023",260,244,212,0.22,0.231
"Lucas, MJ","2022",230,191,133,0.22,0.266
"Novak, Jayden","2026",56,51,38,0.22,0.233
"Puig, Alejandro","2026",129,120,91,0.22,0.266
"Stellrecht, Michael","2025",243,201,185,0.22,0.147
"Curtis, Jackson","2024",48,40,30,0.219,0.167
"Shockley, Jason","2023",93,87,71,0.219,0.228
"Donlon, Lucas","2021",162,131,99,0.218,0.168
"Francella, Kevin","2025",99,91,73,0.218,0.22
"Rodriguez, Damian","2025",264,255,239,0.218,0.215
"Grodell, Tyler","2022",425,405,349,0.217,0.225
"Laprairie, Jacob","2021",75,71,63,0.217,0.214
"Marquez, Jake","2023",47,45,37,0.217,0.239
"Zajec, Max","2021",30,22,16,0.217,0.062
"Callahan, Timothy","2023",39,33,33,0.216,0.213
"Connolly, Brian","2025",127,121,107,0.216,0.218
"Freeman, Kolton","2023",282,249,207,0.216,0.228
"Hussey, Dan","2023",18,18,16,0.216,0.243
"LoBello, Nicolas","2026",156,145,104,0.216,0.25
"Rollo, Jack","2025",50,40,38,0.216,0.248
"Arias, Owen","2026",78,64,45,0.215,0.174
"D'Amico, Pat","2023",216,195,155,0.215,0.223
"Fox, Evan","2023",258,212,198,0.215,0.162
"Garbowski, Kyle","2025",500,464,432,0.215,0.211
"Hannon, Kyle","2022",237,223,191,0.215,0.216
"Kiely, Conor","2021",194,173,151,0.215,0.222
"Martinez, Andre","2023",108,81,65,0.215,0.209
"Wells, Tyler","2022",124,112,98,0.215,0.216
"Butler, Jake","2026",99,80,59,0.214,0.16
"Skagerlind, Kevin","2022",366,311,273,0.214,0.158
"Barksdale, Nathan","2024",95,85,71,0.213,0.188
"Camelo, Parker","2026",172,152,123,0.213,0.198
"Guachione, Nick","2026",4,3,3,0.213,0.054
"Knight, Chad","2021",207,184,152,0.213,0.244
"Leuthner, Stanton","2021",76,66,56,0.213,0.166
"Werkheiser, Ben","2021",25,23,19,0.213,0.207
"Ainsworth, Addison","2025",210,194,172,0.212,0.195
"Cashman, Teddy","2026",47,44,25,0.212,0.316
"Castrataro, Tyler","2026",100,87,72,0.212,0.199
"Medina, Ronnie","2021",38,32,28,0.212,0.14
"Piacentino, John","2022",37,31,19,0.212,0.195
"Reyes, Luca","2025",72,63,49,0.212,0.184
"Belcher, Nolan","2026",71,67,59,0.211,0.207
"Broecker, Bryan","2023",138,126,110,0.211,0.215
"Brown, Griffin","2025",24,18,12,0.211,0.308
"Voss, Nate","2024",89,70,66,0.211,0.18
"Catrine, Kevin","2021",32,28,16,0.21,0.247
"Jackson Jr., Derrick","2023",112,96,60,0.21,0.255
"Worcester, Chris","2024",113,103,91,0.21,0.216
"Johnson, Cameron","2023",321,302,250,0.209,0.216
"Kapuscinski, Justin","2021",38,32,28,0.209,0.136
"Cavazzoni, Gabe","2026",56,49,29,0.208,0.235
"Covas, Alejandro","2025",31,29,19,0.208,0.266
"Flynn, Liam","2026",27,23,14,0.208,0.205
"Iannazzo, Michael","2025",460,420,394,0.208,0.194
"Selinger, Zachary","2021",18,12,8,0.208,0.296
"Sleight, Evan","2021",228,213,185,0.208,0.201
"Stevens, Logan","2021",37,33,27,0.208,0.233
"Toth, Michael","2025",266,248,214,0.208,0.201
"Bernardini, Cristian","2024",248,223,185,0.207,0.199
"Dalena, Maddix","2023",281,246,198,0.207,0.231
"Kaufman, Ty","2022",124,116,94,0.207,0.215
"Strmecki, Henry","2022",286,261,215,0.207,0.207
"Bavaro, Will","2026",55,48,32,0.206,0.225
"Maloney, Matthew","2022",137,129,93,0.206,0.244
"Melendez, Axel S.","2021",49,41,21,0.206,0.35
"Byrkeland, Isaiah","2024",10,8,4,0.205,0.168
"Applegate, Carson","2024",10,8,4,0.204,0.165
"Levesque, Alex","2025",40,34,20,0.204,0.201
"McAllister, Levi","2023",161,153,109,0.204,0.251
"Meluskey, Thomas","2025",105,95,87,0.204,0.199
"Austin, Trevor","2022",88,75,69,0.203,0.188
"E, Player","2024",8,6,4,0.203,0.061
"Nicol, Jeff","2023",27,21,17,0.203,0.078
"Wright, Aydin","2024",109,77,77,0.203,0.117
"George, Jamal","2025",200,178,138,0.202,0.223
"Norton, Jace","2024",23,21,13,0.202,0.251
"Voss, Nathen","2024",15,12,8,0.202,0.119
"Carlson, Hayden","2024",280,260,190,0.201,0.224
"Smith, Avery","2026",101,85,67,0.201,0.138
"Walker, Andrew","2021",115,104,88,0.201,0.176
"Keith, Tyler","2021",123,106,78,0.2,0.245
"Singsank, Cole","2022",59,57,53,0.2,0.196
"Vergantino, Will","2021",32,28,16,0.2,0.228
"Llopiz, DeAndre","2023",83,71,53,0.199,0.208
"Palinski, Max","2025",182,151,147,0.199,0.143
"Powers, Jackson","2025",258,239,223,0.199,0.199
"Westcott, Drake","2021",72,57,45,0.199,0.226
"Esquivel, Eddison","2026",102,88,68,0.198,0.155
"Suarez, JD","2024",177,153,129,0.198,0.144
"Bianco, Andrew","2024",350,317,269,0.197,0.204
"Brown, Ethan","2025",32,30,28,0.197,0.176
"Hernandez, Roddy","2022",66,64,40,0.197,0.291
"McKenzie, Jackson","2024",90,78,50,0.197,0.189
"Pacheco, DJ","2023",212,178,136,0.197,0.195
"Sierra, Justin","2022",228,208,178,0.197,0.19
"Allen, Lane","2026",34,28,18,0.196,0.141
"G, Player","2024",8,6,6,0.196,0.031
"Littlefield, Dylan","2026",18,16,4,0.195,0.531
"Romatzick, JJ","2026",128,109,87,0.195,0.137
"Sherwin, Anthony","2023",101,91,67,0.194,0.19
"Colella, Matthew","2026",153,136,119,0.193,0.173
"Davalan, Charles","2024",10,8,8,0.193,0.069
"Juran, Adam","2021",41,30,26,0.193,0.013
"Whitacre, Zack","2022",178,168,148,0.193,0.185
"Clark, Jared","2024",41,35,29,0.192,0.128
"Davis, Chris","2021",150,138,112,0.192,0.208
"Francuzenko, Nicholas","2025",60,56,54,0.191,0.161
"Cottam, Keaton","2024",62,58,44,0.19,0.206
"Peek, Connor","2025",174,153,149,0.19,0.125
"Berg, Jake","2022",101,82,80,0.189,0.152
"Bergamotto, Nick","2025",22,18,16,0.189,0.087
"Johnson, Luke","2026",29,29,23,0.188,0.237
"Rappoli, Reece","2022",59,57,41,0.188,0.237
"Defabbia, Anthony","2022",80,78,68,0.187,0.2
"Johnson, Cole","2021",12,10,4,0.187,0.216
"Roche, Michael","2022",21,21,21,0.187,0.187
"Andrews, Jack","2026",7,6,6,0.186,0.217
"Niswonger, Jack","2026",22,16,10,0.185,0.063
"Szestowicki, Justin","2022",220,199,165,0.185,0.213
"Stalman, Lucas","2021",45,37,27,0.184,0.204
"Quintano, Collin","2023",47,41,31,0.183,0.144
"Wolfe, Matt","2026",127,114,76,0.183,0.198
"Infante, Danny","2025",72,62,50,0.182,0.125
"Burgos, Jorge","2025",92,88,86,0.181,0.161
"DeMartino, Michael","2021",45,39,35,0.181,0.115
"Green, Glenn","2025",8,6,4,0.181,0.018
"Haskin, Parker","2022",93,87,79,0.181,0.161
"Lovinelli, Madux","2026",61,55,45,0.18,0.152
"Bertsch, Connor","2023",41,35,25,0.179,0.128
"Denlinger, Austin","2023",221,211,185,0.179,0.176
"Johnson, Dayvin","2022",70,64,46,0.179,0.183
"Moore, Tucker","2024",65,57,47,0.179,0.131
"Broski, Adam","2026",165,156,119,0.178,0.2
"Cooper, Tyson","2021",202,186,168,0.178,0.149
"Guzman, Carlos","2021",43,38,30,0.178,0.139
"LaPread, Ali","2023",107,93,79,0.178,0.188
"Luccini, Alex","2024",198,166,122,0.178,0.131
"Miele, Luke","2026",29,28,19,0.178,0.235
"Bullard, Jake","2023",180,155,113,0.177,0.197
"Hackett, Justin","2026",142,129,101,0.177,0.159
"Holtz, Jeff","2021",56,56,53,0.177,0.187
"Paulsen, Brett","2022",92,80,60,0.176,0.177
"Pfannenbecker, Logan","2022",32,30,28,0.176,0.152
"Choi, Albert","2021",38,32,28,0.175,0.188
"Niehaus, Charlie","2026",45,40,30,0.175,0.194
"Acker, Ty","2023",31,16,12,0.174,0.104
"Corona, Jorge","2021",51,47,37,0.174,0.165
"Rubin, Joey","2023",98,79,65,0.174,0.199
"Plasschaert, Zach","2026",63,55,19,0.173,0.283
"Whitehill, Simmi","2023",192,178,100,0.173,0.235
"Catlin, Riggs","2026",21,18,11,0.171,0.2
"Padilla, Bryan","2021",37,37,31,0.171,0.204
"Meluskey, Tommy","2024",70,60,52,0.17,0.096
"Rogers, Brett","2026",111,104,85,0.17,0.166
"Buecker, Brandon","2025",127,111,95,0.169,0.176
"Grenkoski, Brad","2021",17,15,7,0.169,0.213
"Burtnik, Samuel","2023",15,13,9,0.168,0.126
"Marchese, Gavin","2026",85,79,63,0.168,0.161
"Watson, Ben","2023",135,129,109,0.168,0.171
"Klug, Christian","2026",99,92,78,0.167,0.15
"O'Donnell, Brendan","2021",13,13,13,0.167,0.167
"Rivera, Noah","2022",51,41,35,0.167,0.125
"Troche, Darius","2023",82,71,55,0.165,0.221
"Sahler, Cian","2023",231,225,213,0.164,0.159
"Shockley, Jason","2024",120,99,79,0.164,0.145
"Boyle, Westin","2026",124,105,80,0.163,0.166
"Calhoun, Andrew","2022",177,161,121,0.161,0.168
"Cavossa, Sam","2024",23,23,21,0.161,0.176
"Kolben, Ryan","2026",77,72,46,0.16,0.194
"Sefcik, Luke","2024",113,90,72,0.16,0.155
"Stockton, Rylen","2026",31,27,13,0.16,0.223
"Talavera, Michael","2023",154,129,105,0.16,0.155
"Lussier, Matt","2025",226,212,176,0.159,0.149
"Basseer, Jack","2024",236,226,204,0.158,0.149
"Madliak, Bear","2023",113,104,94,0.157,0.122
"Bazydlo, Joey","2026",13,12,8,0.156,0.167
"Ciulla-Hall, Trey","2023",26,22,22,0.155,0.058
"maycock, Ben","2021",18,16,16,0.154,0.087
"Dardar, Seth","2025",71,67,61,0.153,0.133
"Maloney, Matt","2022",66,60,50,0.152,0.173
"Clayton, Cameron","2022",149,145,133,0.151,0.148
"Uejima, Julian","2023",10,8,8,0.151,0.016
"Chatelle, Matthew","2025",21,17,17,0.15,0.023
"Seidel, Samuel","2025",233,213,199,0.149,0.133
"Scott, Mason","2026",11,9,3,0.148,0.083
"Dilley, Jacob","2026",62,51,34,0.147,0.125
"Kirkpatrick, Sam","2021",94,83,77,0.147,0.162
"Gladu, Jake","2026",32,29,11,0.145,0.233
"Bramwell, Spencer","2021",37,37,31,0.14,0.168
"McCommons, McDonald","2025",38,32,20,0.139,0.056
"Damore, Dante","2022",10,8,4,0.138,0.001
"Johnson, RJ","2025",72,57,47,0.138,0.05
"Gries-Smith, Eli","2025",115,111,89,0.137,0.146
"Christofori, Cal","2021",36,32,20,0.136,0.106
"Gervasi, Mike","2022",186,186,142,0.136,0.178
"Parrillo, Cal","2024",166,149,125,0.136,0.087
"Jarvis, Ed","2022",103,97,77,0.135,0.127
"Slinsky, Skye","2024",14,12,12,0.134,0.041
"Maycock, Ben","2021",12,10,4,0.133,0.053
"Novak, Kyle","2021",77,68,62,0.133,0.166
"Acker, Jake","2024",14,12,8,0.132,0.058
"Donahue, Scott","2026",39,35,29,0.131,0.081
"Retzbach, Adam","2021",70,70,62,0.131,0.147
"Zyons, Zac","2025",71,58,46,0.131,0.067
"Grotyohann, Connor","2024",54,52,40,0.129,0.139
"Lifrieri, Dillon","2021",30,28,24,0.129,0.104
"Casas, Gavin","2021",12,10,6,0.126,0.021
"Finn, Sean","2026",12,12,3,0.126,0.503
"Groff, Ethan","2021",59,53,43,0.125,0.075
"Bello, Jason","2026",158,143,124,0.123,0.095
"Cameron, Josh","2022",44,35,25,0.123,0.216
"Barry, Braden","2021",45,43,33,0.122,0.125
"Reader, Troy","2026",31,25,15,0.122,0.16
"Ford, Jarrett","2022",68,60,56,0.121,0.097
"Harris, Aiden","2025",45,43,29,0.121,0.14
"Donahue, Zach","2024",31,29,25,0.12,0.094
"Marot, Alex",NA,9,9,9,0.12,0.12
"Hamilton, Christian","2026",26,18,7,0.117,0.04
"Brucato, Johnny","2025",23,21,13,0.116,0.1
"Wilks, Slade","2021",28,24,20,0.116,0.025
"Castro, Manuel","2026",5,5,2,0.115,0.287
"Pitarra, Kevin","2021",28,22,20,0.113,0.089
"McDermott, Kyle","2025",4,4,4,0.111,0.111
"Jagiela, Carter","2024",64,58,44,0.109,0.064
"Popovich, Alek","2025",41,41,35,0.107,0.126
"Reyes, Randy","2023",19,19,17,0.107,0.12
"Wegner, Jared","2022",45,43,35,0.107,0.099
"Bubba, Anthony","2026",2,2,2,0.105,0.105
"Chae, Yoon","2024",15,13,9,0.105,0.022
"Darwin, Nate","2022",17,15,13,0.104,0.03
"Frye, Bradley","2022",50,50,46,0.102,0.11
"DiLaurento, Corey","2021",4,4,4,0.101,0.101
"Larsen, Craig","2021",37,37,35,0.101,0.106
"Giangreco, Kristofer","2025",18,16,16,0.1,0.026
"Hoy, Dylan","2021",15,13,11,0.099,0.01
"Walsh, Patrick","2026",10,10,4,0.095,0.238
"Durkan, Cole","2021",19,17,17,0.094,0.024
"Norgren, Cameron","2021",49,44,38,0.094,0.03
"Diaz, Zaid","2026",39,34,22,0.091,0.037
"Dana, Casey","2021",22,20,18,0.09,0.033
"Harding, Connor","2021",19,17,17,0.087,0.017
"Higgins, Martin","2023",41,37,29,0.087,0.123
"Hanawalt, Chase","2025",4,4,4,0.086,0.086
"Extra 1","2024",16,16,16,0.084,0.084
"Tejeda III, Richard","2026",8,8,4,0.082,0.163
"Toth, Raymond","2024",18,16,8,0.082,0.012
"Holub, Andrew","2025",45,45,37,0.081,0.099
"Pagliarini, Charlie","2021",19,17,13,0.081,0.012
"Eppinger, Andrew","2023",27,25,21,0.078,0.034
"Jefferis, Jagger","2023",4,4,4,0.077,0.077
"Miller, Hayden","2025",39,35,17,0.075,0.009
"Athanasiadis, George","2023",35,33,21,0.073,0.056
"Camera, Dom","2023",35,33,29,0.073,0.04
"Policelli, Christian","2021",28,26,24,0.072,0.026
"Buecker, Brendan","2025",62,62,58,0.07,0.075
"Haller, Camaron","2026",42,41,35,0.07,0.065
"O'Connor, Tommy","2023",20,18,4,0.07,0.007
"Perez, Emmanuel","2024",23,21,11,0.07,0.022
"Hernandez, Ryan","2021",12,12,8,0.068,0.103
"Holbrook, Cooper","2024",35,33,17,0.068,0.058
"Espiritu Niswonger, Jack","2026",2,1,1,0.066,0.132
"Steele, Anthony","2024",21,21,17,0.066,0.081
"Duroff, Brian","2024",12,12,8,0.062,0.093
"Echavarria, Ernie","2026",2,2,1,0.061,0.122
"Malzone, AJ","2024",6,6,4,0.058,0.087
"Metzdorf, Drew","2021",17,17,13,0.058,0.075
"Finn, Rory","2025",31,29,21,0.057,0.018
"Klein, Matt","2024",8,8,6,0.057,0.076
"Luttazi, Steve","2021",8,8,8,0.057,0.057
"Kelley, Liam","2026",10,10,8,0.056,0.07
"Leonard, Trey","2021",36,36,36,0.054,0.054
"DAmato, Hunter","2023",10,10,8,0.051,0.064
"Bianchina, Vicent","2022",9,9,9,0.048,0.048
"David, Christofore","2022",14,14,12,0.048,0.056
"Jarrell, Jake","2023",10,10,8,0.046,0.057
"Correa Jr., Efrain","2023",26,26,20,0.044,0.057
"Shaheen, William","2026",18,18,16,0.043,0.048
"F, Player","2024",8,8,6,0.042,0.056
"Arnone, Griffen","2023",14,14,12,0.04,0.047
"Cook, Jacob","2023",15,15,13,0.038,0.044
"Hacopian, Chris","2024",10,10,8,0.038,0.047
"Ramirez, Alex","2021",6,6,4,0.038,0.057
"Sweeney, Jordan","2022",28,24,20,0.037,0.052
"Siqueira, Dustin","2022",4,4,4,0.035,0.035
"Mcgovern, Garrett","2026",2,2,1,0.033,0.066
"Peterson, Jonathan","2024",4,4,4,0.033,0.033
"DuRoff, Brian","2024",4,4,4,0.032,0.032
"Gay, Alex","2025",4,4,4,0.03,0.03
"Jons, Chase","2022",15,15,9,0.03,0.049
"Debiec, Max","2025",22,22,16,0.029,0.039
"Leonard, Samuel","2026",5,5,3,0.028,0.047
"Sergi, Anthony","2026",5,5,2,0.028,0.07
"Hassan, Nick","2021",16,13,13,0.027,0.033
"Sullivan, Bill","2022",22,22,18,0.026,0.032
"Tejada, Cristian","2021",19,19,17,0.026,0.029
"Rios, Joey","2023",13,13,13,0.025,0.025
"Anderson, Micheal","2023",4,4,4,0.024,0.024
"Tanous, Sam","2023",15,15,13,0.023,0.027
"Eskert, Chase","2026",3,3,2,0.022,0.033
"Kovalchik, Zack","2024",32,32,24,0.022,0.029
"Smith, Will","2021",18,18,18,0.022,0.022
"Paino, Owen","2025",15,15,13,0.021,0.024
"Gebhard, Brody","2026",3,3,1,0.02,0.059
"Hornone, Jackson","2023",17,17,13,0.02,0.026
"Moutzouridis, P.J.","2024",14,14,14,0.019,0.019
"Podeszwa, Connor","2023",12,12,8,0.019,0.028
"Rodriguez, Nick","2024",17,17,17,0.019,0.019
"Abrams, Kohl","2021",20,20,10,0.018,0.036
"Podolec, Owen","2023",16,12,8,0.018,0.035
"Cody, Dalton","2022",8,8,4,0.016,0.031
"Groller, Aaron","2021",12,12,12,0.016,0.016
"Wentworth, Jack","2024",26,26,8,0.016,0.051
"Arnoe, Griffin","2023",10,10,4,0.014,0.035
"Cerruto, Casey","2025",12,12,4,0.014,0.042
"Seymour, Cam","2021",8,8,4,0.014,0.027
"Arruda, Tylor","2022",4,4,4,0.013,0.013
"Brencewski, Joey","2024",6,6,4,0.013,0.019
"McMahon, Noah","2025",4,4,4,0.013,0.013
"Leitzel, Robert","2021",10,10,8,0.012,0.015
"Stevens, Zach","2021",10,10,8,0.012,0.015
"Butler, Billy","2021",17,17,13,0.011,0.015
"Llopiz, Deandre","2023",4,4,4,0.011,0.011
"Borrelli, Michael","2023",15,15,9,0.01,0.017
"D'Alessandro, Max","2025",15,15,9,0.01,0.016
"Baillargeon, Chris","2022",14,10,4,0.009,0.032
"Baillargeon, Christopher","2022",11,11,7,0.009,0.015
"Staffier, Noah","2026",2,2,1,0.009,0.019
"Cohen, Daniel","2025",12,8,4,0.007,0.021
"Cook, William","2023",12,12,8,0.007,0.011
"Gibbs, Colin","2026",12,12,8,0.006,0.008
"Murillo, Sebastian","2021",22,22,8,0.005,0.014
"McGinnis , Colemen","2025",6,6,4,0.004,0.007
"Orr, Jacob","2024",24,24,22,0.004,0.005
"Grieve, Bode","2025",23,23,13,0.003,0.005
"Barone, Nick","2025",12,12,4,0.002,0.007
"Cheeseman, Jeremy","2025",14,14,4,0.001,0.004
"Sparber, Chris","2024",6,6,4,0.001,0.001
"Portnoy, Sam","2023",9,9,9,0,0
